player_id,rank,player,team_id,team,gp,min,fgm,fga,fg_pct,fg3m,fg3a,fg3_pct,ftm,fta,ft_pct,oreb,dreb,reb,ast,stl,blk,tov,pf,pts,eff,ast_tov,stl_tov
1628983,1,Shai Gilgeous-Alexander,1610612760,OKC,36,1248,399,764,0.522,77,217,0.355,251,282,0.89,31,169,200,218,73,42,97,77,1126,1166,2.25,0.75
203999,2,Nikola Jokić,1610612743,DEN,31,1150,372,673,0.553,71,150,0.473,162,201,0.806,108,296,404,301,53,19,101,65,977,1313,2.98,0.53
1628369,3,Jayson Tatum,1610612738,BOS,34,1238,318,687,0.463,129,356,0.362,192,239,0.803,21,293,314,186,45,16,92,82,957,1010,2.02,0.49
1630162,4,Anthony Edwards,1610612750,MIN,37,1347,332,752,0.441,158,370,0.427,128,157,0.815,25,185,210,152,45,20,114,73,950,814,1.33,0.4
1628368,5,De'Aaron Fox,1610612758,SAC,35,1305,345,710,0.486,71,221,0.321,172,213,0.808,37,136,173,216,57,12,115,98,933,870,1.88,0.5
1628973,6,Jalen Brunson,1610612752,NYK,37,1296,316,663,0.477,85,220,0.386,208,254,0.819,17,93,110,281,31,2,86,83,925,870,3.27,0.36
203507,7,Giannis Antetokounmpo,1610612749,MIL,29,1015,360,601,0.599,4,21,0.19,185,308,0.601,59,283,342,179,22,42,102,68,909,1028,1.75,0.22
1626157,8,Karl-Anthony Towns,1610612752,NYK,35,1210,318,576,0.552,76,169,0.45,174,209,0.833,106,384,490,117,34,31,89,125,886,1176,1.31,0.38
203076,9,Anthony Davis,1610612747,LAL,34,1188,317,611,0.519,24,76,0.316,220,280,0.786,89,314,403,119,43,73,78,67,878,1084,1.53,0.55
1629639,10,Tyler Herro,1610612748,MIA,36,1273,293,626,0.468,138,343,0.402,124,143,0.867,11,191,202,181,27,4,86,55,848,824,2.1,0.31
1630595,11,Cade Cunningham,1610612765,DET,34,1210,310,678,0.457,83,221,0.376,122,154,0.792,32,192,224,316,32,27,146,94,825,878,2.16,0.22
1628991,12,Jaren Jackson Jr.,1610612763,MEM,36,1050,294,592,0.497,64,185,0.346,163,208,0.784,53,179,232,75,54,63,83,117,815,813,0.9,0.65
1629027,13,Trae Young,1610612737,ATL,36,1286,244,608,0.401,103,304,0.339,220,252,0.873,18,106,124,434,45,7,154,69,811,871,2.82,0.29
1641705,14,Victor Wembanyama,1610612759,SAS,32,1061,291,608,0.479,105,297,0.354,117,134,0.873,60,285,345,120,33,127,115,73,804,980,1.04,0.29
1628378,15,Donovan Mitchell,1610612739,CLE,35,1100,283,629,0.45,132,322,0.41,104,128,0.813,18,137,155,162,50,8,71,70,802,736,2.28,0.7
2544,16,LeBron James,1610612747,LAL,33,1152,302,596,0.507,73,189,0.386,110,143,0.769,29,224,253,292,25,18,121,46,787,927,2.41,0.21
1626164,17,Devin Booker,1610612756,PHX,31,1134,244,569,0.429,76,234,0.325,193,217,0.889,32,88,120,216,33,9,71,67,757,715,3.04,0.47
1630224,18,Jalen Green,1610612745,HOU,37,1214,266,635,0.419,100,298,0.336,124,144,0.861,21,145,166,94,38,12,86,63,756,591,1.09,0.44
1629636,19,Darius Garland,1610612739,CLE,36,1087,271,542,0.5,106,245,0.433,107,117,0.915,16,76,92,242,41,8,84,75,755,773,2.88,0.49
1627783,20,Pascal Siakam,1610612754,IND,38,1264,288,554,0.52,72,170,0.424,105,139,0.755,62,214,276,128,32,10,50,104,753,849,2.56,0.64
201935,21,James Harden,1610612746,LAC,35,1179,216,555,0.389,97,286,0.339,220,250,0.88,21,188,209,275,51,23,166,71,749,772,1.66,0.31
203897,22,Zach LaVine,1610612741,CHI,32,1076,270,527,0.512,104,234,0.444,103,126,0.817,8,139,147,143,27,9,93,52,747,700,1.54,0.29
1631114,23,Jalen Williams,1610612760,OKC,36,1173,293,611,0.48,64,183,0.35,95,123,0.772,31,177,208,189,65,25,82,93,745,804,2.31,0.79
1630178,24,Tyrese Maxey,1610612755,PHI,29,1081,255,606,0.421,94,278,0.338,136,164,0.829,5,91,96,164,61,12,70,66,740,624,2.34,0.87
202681,25,Kyrie Irving,1610612742,DAL,30,1068,269,549,0.49,93,211,0.441,98,109,0.899,31,106,137,147,36,11,68,66,729,701,2.16,0.53
202696,26,Nikola Vučević,1610612741,CHI,36,1157,296,535,0.553,73,172,0.424,62,74,0.838,81,282,363,117,28,24,57,85,727,951,2.05,0.49
203944,27,Julius Randle,1610612750,MIN,37,1220,249,523,0.476,63,176,0.358,165,200,0.825,73,186,259,161,24,8,110,93,726,759,1.46,0.22
1627759,28,Jaylen Brown,1610612738,BOS,30,1068,265,576,0.46,66,203,0.325,122,164,0.744,43,137,180,140,39,9,84,71,718,649,1.67,0.46
1630163,28,LaMelo Ball,1610612766,CHA,24,810,249,589,0.423,107,313,0.342,113,136,0.831,25,105,130,174,33,5,94,88,718,603,1.85,0.35
1630578,30,Alperen Sengun,1610612745,HOU,37,1165,284,575,0.494,12,55,0.218,135,185,0.73,126,263,389,186,45,33,93,104,715,934,2.0,0.48
1626181,31,Norman Powell,1610612746,LAC,30,990,243,508,0.478,107,245,0.437,119,141,0.844,10,92,102,69,36,5,65,60,712,572,1.06,0.55
201142,32,Kevin Durant,1610612756,PHX,26,937,250,481,0.52,60,149,0.403,147,175,0.84,12,153,165,105,18,35,86,44,707,685,1.22,0.21
1627734,33,Domantas Sabonis,1610612758,SAC,34,1221,276,466,0.592,36,81,0.444,112,144,0.778,130,339,469,214,25,17,98,121,700,1105,2.18,0.26
1628969,34,Mikal Bridges,1610612752,NYK,38,1486,289,581,0.497,89,260,0.342,31,44,0.705,35,90,125,120,42,19,59,54,698,640,2.03,0.71
1630169,34,Tyrese Haliburton,1610612754,IND,38,1329,238,540,0.441,114,316,0.361,108,127,0.85,26,114,140,338,47,23,67,51,698,858,5.04,0.7
203081,36,Damian Lillard,1610612749,MIL,28,1009,211,480,0.44,97,258,0.376,175,191,0.916,17,107,124,207,32,4,79,50,694,697,2.62,0.41
1629628,37,RJ Barrett,1610612761,TOR,30,1020,255,547,0.466,57,166,0.343,126,177,0.712,31,171,202,179,22,12,98,73,693,667,1.83,0.22
1629008,38,Michael Porter Jr.,1610612743,DEN,36,1242,261,498,0.524,96,227,0.423,67,94,0.713,54,186,240,93,24,14,51,73,685,741,1.82,0.47
201939,39,Stephen Curry,1610612744,GSW,30,941,225,505,0.446,131,319,0.411,96,103,0.932,14,138,152,182,35,16,93,35,677,682,1.96,0.38
201942,40,DeMar DeRozan,1610612758,SAC,32,1132,249,512,0.486,23,75,0.307,146,170,0.859,18,102,120,121,42,13,51,67,667,625,2.37,0.82
1630596,41,Evan Mobley,1610612739,CLE,35,1065,255,444,0.574,41,99,0.414,113,146,0.774,74,233,307,107,35,50,74,75,664,867,1.45,0.47
1629632,42,Coby White,1610612741,CHI,35,1151,221,510,0.433,110,297,0.37,97,110,0.882,13,106,119,162,39,6,84,86,649,589,1.93,0.46
1629012,42,Collin Sexton,1610612762,UTA,36,1028,233,485,0.48,71,165,0.43,112,124,0.903,32,67,99,141,27,3,92,79,649,563,1.53,0.29
1630552,44,Jalen Johnson,1610612737,ATL,32,1163,253,494,0.512,44,133,0.331,85,113,0.752,58,266,324,169,48,34,97,64,635,844,1.74,0.49
1629014,45,Anfernee Simons,1610612757,POR,34,1086,227,527,0.431,98,274,0.358,81,89,0.91,10,82,92,172,32,2,80,64,633,543,2.15,0.4
1628384,46,OG Anunoby,1610612752,NYK,38,1387,238,498,0.478,80,224,0.357,74,93,0.796,47,137,184,72,55,36,51,91,630,647,1.41,1.08
1631097,47,Bennedict Mathurin,1610612754,IND,38,1244,216,469,0.461,55,152,0.362,138,166,0.831,48,182,230,74,24,13,78,101,625,607,0.95,0.31
1629661,48,Cameron Johnson,1610612751,BKN,32,1044,204,411,0.496,105,241,0.436,111,124,0.895,25,111,136,97,28,14,53,59,624,626,1.83,0.53
1629029,49,Luka Dončić,1610612742,DAL,22,785,216,466,0.464,75,212,0.354,112,146,0.767,16,167,183,172,44,9,75,58,619,668,2.29,0.59
1627736,49,Malik Beasley,1610612765,DET,38,1085,218,519,0.42,141,361,0.391,42,59,0.712,21,95,116,73,33,2,41,55,619,484,1.78,0.81
1629673,51,Jordan Poole,1610612764,WAS,28,879,197,453,0.435,101,249,0.406,116,137,0.847,11,65,76,139,46,14,100,94,611,509,1.39,0.46
1630532,52,Franz Wagner,1610612753,ORL,25,829,220,473,0.465,51,159,0.321,119,135,0.881,23,117,140,142,43,12,61,58,610,617,2.33,0.7
1628401,53,Derrick White,1610612738,BOS,35,1202,207,458,0.452,125,319,0.392,60,73,0.822,33,125,158,155,33,44,60,72,599,665,2.58,0.55
1628374,53,Lauri Markkanen,1610612762,UTA,30,953,189,440,0.43,92,248,0.371,129,146,0.884,52,132,184,57,25,9,43,49,599,563,1.33,0.58
1628389,55,Bam Adebayo,1610612748,MIA,36,1232,223,489,0.456,26,92,0.283,111,155,0.716,85,266,351,164,56,31,76,73,583,799,2.16,0.74
1627750,55,Jamal Murray,1610612743,DEN,30,1101,211,483,0.437,64,172,0.372,97,113,0.858,16,108,124,188,48,20,66,54,583,609,2.85,0.73
1630559,57,Austin Reaves,1610612747,LAL,31,1080,190,434,0.438,82,227,0.361,104,128,0.813,29,105,134,182,33,4,77,65,566,574,2.36,0.43
1630591,58,Jalen Suggs,1610612753,ORL,34,987,194,473,0.41,74,237,0.312,97,107,0.907,23,116,139,126,50,33,99,93,559,519,1.27,0.51
203468,59,CJ McCollum,1610612740,NOP,25,833,211,465,0.454,78,210,0.371,53,75,0.707,17,74,91,96,22,12,43,60,553,455,2.23,0.51
1627826,59,Ivica Zubac,1610612746,LAC,37,1188,247,402,0.614,0,0,0.0,59,109,0.541,140,323,463,94,24,43,67,73,553,905,1.4,0.36
1630202,61,Payton Pritchard,1610612738,BOS,37,1031,189,405,0.467,129,307,0.42,42,50,0.84,53,85,138,124,34,5,38,60,549,588,3.26,0.9
203471,62,Dennis Schröder,1610612744,GSW,35,1114,188,451,0.417,73,208,0.351,92,107,0.86,10,84,94,209,33,6,83,87,541,522,2.52,0.4
1630228,63,Jonathan Kuminga,1610612744,GSW,32,832,194,423,0.459,40,116,0.345,108,169,0.639,44,115,159,70,29,18,50,61,536,472,1.4,0.58
1628404,64,Josh Hart,1610612752,NYK,37,1396,202,357,0.566,50,134,0.373,80,99,0.808,73,264,337,209,53,15,71,95,534,903,2.94,0.75
1627832,65,Fred VanVleet,1610612745,HOU,35,1247,186,482,0.386,87,271,0.321,71,87,0.816,26,121,147,208,58,18,53,85,530,596,3.92,1.09
1641711,65,Gradey Dick,1610612761,TOR,32,992,181,442,0.41,76,218,0.349,92,103,0.893,25,86,111,67,30,7,56,75,530,417,1.2,0.54
1641706,67,Brandon Miller,1610612766,CHA,25,857,184,457,0.403,98,275,0.356,63,71,0.887,22,100,122,89,26,19,70,68,529,434,1.27,0.37
1626167,67,Myles Turner,1610612754,IND,35,1095,195,396,0.492,68,173,0.393,71,98,0.724,50,195,245,55,29,73,75,97,529,628,0.73,0.39
1631093,69,Jaden Ivey,1610612765,DET,30,898,190,413,0.46,63,154,0.409,85,116,0.733,40,84,124,119,28,11,89,67,528,467,1.34,0.32
203952,70,Andrew Wiggins,1610612744,GSW,32,928,187,412,0.454,67,170,0.394,85,107,0.794,48,92,140,75,29,26,39,56,526,510,1.92,0.74
1631101,70,Shaedon Sharpe,1610612757,POR,29,918,197,432,0.456,57,183,0.311,75,95,0.789,20,90,110,77,26,8,49,53,526,443,1.57,0.53
1629631,72,De'Andre Hunter,1610612737,ATL,27,751,169,356,0.475,74,171,0.433,112,131,0.855,17,90,107,40,24,3,40,64,524,452,1.0,0.6
1628386,72,Jarrett Allen,1610612739,CLE,37,1076,216,306,0.706,0,1,0.0,92,128,0.719,97,282,379,72,38,35,37,49,524,885,1.95,1.03
1630166,74,Deni Avdija,1610612757,POR,37,1027,174,377,0.462,56,156,0.359,112,144,0.778,48,180,228,119,35,23,88,82,516,598,1.35,0.4
1630567,75,Scottie Barnes,1610612761,TOR,25,859,198,417,0.475,38,132,0.288,77,106,0.726,41,159,200,163,36,19,90,55,511,591,1.81,0.4
1628370,76,Malik Monk,1610612758,SAC,30,925,180,410,0.439,73,209,0.349,77,87,0.885,9,100,109,156,28,16,59,74,510,520,2.64,0.47
1627751,77,Jakob Poeltl,1610612761,TOR,33,1054,215,351,0.613,0,2,0.0,68,102,0.667,120,225,345,89,40,41,69,112,498,774,1.29,0.58
1631128,78,Christian Braun,1610612743,DEN,35,1171,187,335,0.558,34,91,0.374,77,96,0.802,40,123,163,76,42,21,38,82,485,582,2.0,1.1
1628381,79,John Collins,1610612762,UTA,27,808,177,337,0.525,39,89,0.438,91,105,0.867,63,160,223,68,30,25,68,78,484,588,1.0,0.44
1630217,80,Desmond Bane,1610612763,MEM,29,839,179,380,0.471,59,169,0.349,66,78,0.846,23,146,169,149,35,14,76,75,483,561,1.96,0.46
202699,81,Tobias Harris,1610612765,DET,36,1146,179,396,0.452,52,148,0.351,68,79,0.861,37,193,230,90,27,31,43,71,478,585,2.09,0.63
1630530,82,Trey Murphy III,1610612740,NOP,23,785,162,364,0.445,72,198,0.364,79,87,0.908,22,85,107,62,26,16,37,52,475,439,1.68,0.7
1629675,83,Naz Reid,1610612750,MIN,37,918,176,381,0.462,64,181,0.354,57,73,0.781,33,156,189,62,26,31,48,90,473,512,1.29,0.54
1626171,84,Bobby Portis,1610612749,MIL,34,859,193,415,0.465,48,126,0.381,37,47,0.787,61,214,275,73,27,19,44,59,471,589,1.66,0.61
203078,85,Bradley Beal,1610612756,PHX,26,861,186,377,0.493,56,143,0.392,41,54,0.759,20,75,95,83,31,19,54,70,469,439,1.54,0.57
1630560,85,Cam Thomas,1610612751,BKN,19,614,151,337,0.448,54,144,0.375,113,129,0.876,10,58,68,64,14,1,51,36,469,363,1.25,0.28
202691,87,Klay Thompson,1610612742,DAL,33,912,163,397,0.411,98,257,0.381,33,36,0.917,21,90,111,66,31,13,44,43,457,397,1.5,0.7
1627741,88,Buddy Hield,1610612744,GSW,37,849,164,384,0.427,103,266,0.387,25,28,0.893,23,104,127,54,28,9,45,69,456,406,1.2,0.62
1628415,89,Dillon Brooks,1610612745,HOU,34,1081,164,400,0.41,78,206,0.379,48,55,0.873,44,90,134,55,23,9,33,115,454,399,1.67,0.7
201566,89,Russell Westbrook,1610612743,DEN,36,974,169,369,0.458,42,131,0.321,74,118,0.627,44,130,174,240,60,19,102,95,454,601,2.35,0.59
1629630,91,Ja Morant,1610612763,MEM,21,583,151,335,0.451,32,101,0.317,117,141,0.83,14,77,91,161,23,8,80,34,451,446,2.01,0.29
1630577,92,Julian Champagnie,1610612759,SAS,37,1013,152,355,0.428,98,260,0.377,42,47,0.894,28,142,170,47,28,19,39,56,444,461,1.21,0.72
1642377,93,Jaylen Wells,1610612763,MEM,38,979,157,358,0.439,70,188,0.372,58,70,0.829,42,92,134,65,19,5,45,67,442,407,1.44,0.42
1630700,94,Dyson Daniels,1610612737,ATL,34,1136,186,411,0.453,41,129,0.318,27,46,0.587,53,115,168,122,106,29,59,82,440,562,2.07,1.8
1641718,95,Keyonte George,1610612762,UTA,28,882,148,375,0.395,75,214,0.35,67,84,0.798,12,82,94,159,21,5,93,50,438,380,1.71,0.23
1641708,96,Amen Thompson,1610612745,HOU,35,1008,168,299,0.562,11,45,0.244,88,125,0.704,89,176,265,83,40,36,63,81,435,628,1.32,0.64
203924,96,Jerami Grant,1610612757,POR,29,948,141,369,0.382,71,186,0.382,82,100,0.82,15,89,104,68,25,29,41,66,435,374,1.66,0.61
201572,98,Brook Lopez,1610612749,MIL,35,1117,166,340,0.488,69,185,0.373,33,44,0.75,41,130,171,56,31,66,39,74,434,534,1.44,0.8
1626145,99,Tyus Jones,1610612756,PHX,35,1073,163,336,0.485,78,182,0.429,24,28,0.857,20,70,90,211,34,5,45,37,428,546,4.69,0.76
1629640,100,Keldon Johnson,1610612759,SAS,34,837,158,348,0.454,37,132,0.28,72,95,0.758,45,133,178,51,23,7,27,49,425,444,1.89,0.85
1626162,101,Kelly Oubre Jr.,1610612755,PHI,32,1049,163,355,0.459,39,139,0.281,59,81,0.728,51,134,185,51,44,18,42,91,424,466,1.21,1.05
202685,102,Jonas Valančiūnas,1610612764,WAS,35,702,172,311,0.553,4,20,0.2,69,76,0.908,85,198,283,80,17,26,70,63,417,607,1.14,0.24
1629023,103,P.J. Washington,1610612742,DAL,31,1000,149,342,0.436,51,132,0.386,66,85,0.776,43,195,238,64,39,32,53,67,415,523,1.21,0.74
1630583,103,Santi Aldama,1610612763,MEM,32,820,162,323,0.502,56,145,0.386,35,48,0.729,51,184,235,92,29,17,40,33,415,574,2.3,0.72
1629655,105,Daniel Gafford,1610612742,DAL,36,715,168,237,0.709,0,0,0.0,74,110,0.673,87,128,215,42,16,52,40,91,410,590,1.05,0.4
1642258,106,Zaccharie Risacher,1610612737,ATL,38,909,153,377,0.406,45,158,0.285,57,80,0.713,49,82,131,45,30,21,45,78,408,343,1.0,0.67
203084,107,Harrison Barnes,1610612759,SAS,37,1031,136,284,0.479,55,135,0.407,80,99,0.808,53,85,138,57,11,7,23,34,407,430,2.48,0.48
1630590,108,Scotty Pippen Jr.,1610612763,MEM,38,858,151,320,0.472,46,120,0.383,58,83,0.699,29,102,131,182,45,16,80,95,406,506,2.27,0.56
1627742,109,Brandon Ingram,1610612740,NOP,18,595,155,333,0.465,43,115,0.374,47,55,0.855,17,83,100,93,16,11,69,45,400,365,1.35,0.23
1630534,110,Ochai Agbaji,1610612761,TOR,37,1090,160,316,0.506,59,146,0.404,19,28,0.679,34,106,140,66,31,19,30,82,398,459,2.2,1.03
1626156,111,D'Angelo Russell,1610612751,BKN,32,831,142,339,0.419,59,180,0.328,54,63,0.857,8,78,86,160,28,6,57,58,397,414,2.81,0.49
1631099,111,Keegan Murray,1610612758,SAC,34,1206,153,370,0.414,57,189,0.302,34,39,0.872,76,176,252,48,24,27,31,99,397,495,1.55,0.77
1631095,113,Jabari Smith Jr.,1610612745,HOU,33,1021,136,313,0.435,56,158,0.354,65,75,0.867,59,156,215,33,12,32,30,75,393,468,1.1,0.4
1630581,113,Josh Giddey,1610612741,CHI,33,902,150,338,0.444,40,124,0.323,53,72,0.736,47,181,228,221,33,16,91,47,393,593,2.43,0.36
1628970,113,Miles Bridges,1610612766,CHA,22,684,141,339,0.416,42,148,0.284,69,78,0.885,19,151,170,79,16,13,43,34,393,421,1.84,0.37
1641731,116,Bilal Coulibaly,1610612764,WAS,31,1040,140,330,0.424,34,115,0.296,75,97,0.773,45,123,168,108,41,24,65,76,389,453,1.66,0.63
1629028,116,Deandre Ayton,1610612757,POR,28,840,182,320,0.569,6,28,0.214,19,31,0.613,81,202,283,42,23,29,51,62,389,565,0.82,0.45
204456,116,T.J. McConnell,1610612754,IND,37,717,176,323,0.545,7,24,0.292,30,42,0.714,22,71,93,157,45,9,58,40,389,476,2.71,0.78
1630527,119,Brandon Boston,1610612740,NOP,35,873,144,331,0.435,41,123,0.333,59,73,0.808,26,94,120,89,47,8,48,62,388,403,1.85,0.98
202331,119,Paul George,1610612755,PHI,24,768,140,338,0.414,52,155,0.335,56,69,0.812,17,117,134,111,43,10,63,60,388,412,1.76,0.68
202710,121,Jimmy Butler,1610612748,MIA,22,678,128,232,0.552,12,32,0.375,119,151,0.788,51,70,121,103,27,8,27,21,387,483,3.81,1.0
1629021,122,Moritz Wagner,1610612753,ORL,30,564,140,249,0.562,27,75,0.36,79,110,0.718,40,108,148,42,24,12,49,55,386,423,0.86,0.49
1642264,123,Stephon Castle,1610612759,SAS,36,886,137,358,0.383,34,134,0.254,77,109,0.706,22,64,86,133,28,11,64,61,385,326,2.08,0.44
1626179,123,Terry Rozier,1610612748,MIA,32,929,140,353,0.397,50,171,0.292,55,61,0.902,23,107,130,90,20,13,49,49,385,370,1.84,0.41
1629599,125,Amir Coffey,1610612746,LAC,36,904,133,279,0.477,61,140,0.436,52,60,0.867,21,73,94,42,19,3,25,57,379,358,1.68,0.76
201950,126,Jrue Holiday,1610612738,BOS,31,954,137,303,0.452,58,169,0.343,46,51,0.902,35,95,130,124,31,13,43,47,378,462,2.88,0.72
1630245,127,Ayo Dosunmu,1610612741,CHI,30,924,147,300,0.49,40,125,0.32,43,54,0.796,18,100,118,145,24,14,40,68,377,474,3.63,0.6
1629656,127,Quentin Grimes,1610612742,DAL,36,816,132,283,0.466,63,156,0.404,50,66,0.758,28,122,150,76,24,9,44,59,377,425,1.73,0.55
1628978,129,Donte DiVincenzo,1610612750,MIN,37,953,126,325,0.388,88,245,0.359,32,39,0.821,16,112,128,128,44,7,65,56,372,408,1.97,0.68
1629130,130,Duncan Robinson,1610612748,MIA,34,788,133,316,0.421,85,225,0.378,20,23,0.87,10,69,79,92,18,3,33,69,371,344,2.79,0.55
203497,130,Rudy Gobert,1610612750,MIN,37,1240,144,232,0.621,0,0,0.0,83,123,0.675,128,267,395,62,23,55,55,96,371,723,1.13,0.42
1629060,132,Rui Hachimura,1610612747,LAL,31,1003,138,285,0.484,46,111,0.414,48,61,0.787,52,107,159,47,27,19,31,61,370,431,1.52,0.87
1630167,133,Obi Toppin,1610612754,IND,35,692,141,255,0.553,42,119,0.353,42,50,0.84,27,116,143,58,26,12,23,53,366,460,2.52,1.13
1642259,134,Alexandre Sarr,1610612764,WAS,31,841,137,336,0.408,44,141,0.312,46,71,0.648,60,143,203,71,20,50,50,85,364,434,1.42,0.4
203991,134,Clint Capela,1610612737,ATL,38,872,164,284,0.577,0,0,0.0,36,69,0.522,125,215,340,49,24,38,37,77,364,625,1.32,0.65
1629660,136,Ty Jerome,1610612739,CLE,36,633,132,265,0.498,47,114,0.412,52,58,0.897,24,55,79,122,43,1,40,52,363,429,3.05,1.07
1627747,137,Caris LeVert,1610612739,CLE,31,749,126,257,0.49,57,128,0.445,49,72,0.681,15,71,86,117,29,15,39,41,358,412,3.0,0.74
1630183,138,Jaden McDaniels,1610612750,MIN,37,1110,140,323,0.433,45,140,0.321,32,42,0.762,51,122,173,57,50,27,39,108,357,432,1.46,1.28
101108,139,Chris Paul,1610612759,SAS,37,1075,120,288,0.417,64,178,0.36,52,53,0.981,20,140,160,308,51,8,62,67,356,652,4.97,0.82
1630557,139,Corey Kispert,1610612764,WAS,30,817,128,288,0.444,63,177,0.356,37,43,0.86,15,80,95,50,15,6,33,51,356,323,1.51,0.46
203501,139,Tim Hardaway Jr.,1610612765,DET,34,944,118,280,0.421,68,186,0.366,52,62,0.839,7,60,67,53,12,1,23,47,356,294,2.3,0.52
1627824,142,Guerschon Yabusele,1610612755,PHI,35,867,126,252,0.5,55,137,0.401,46,67,0.687,62,125,187,62,26,16,41,84,353,456,1.51,0.63
203484,142,Kentavious Caldwell-Pope,1610612753,ORL,38,1178,123,293,0.42,59,186,0.317,48,52,0.923,12,65,77,76,62,24,32,78,353,386,2.38,1.94
1642261,144,Dalton Knecht,1610612747,LAL,36,790,130,279,0.466,59,166,0.355,33,42,0.786,23,95,118,36,14,3,20,48,352,345,1.8,0.7
1642272,144,Jared McCain,1610612755,PHI,23,592,126,274,0.46,51,133,0.383,49,56,0.875,13,43,56,60,15,0,37,37,352,291,1.62,0.41
203903,144,Jordan Clarkson,1610612762,UTA,22,562,119,288,0.413,41,121,0.339,73,90,0.811,14,60,74,84,19,7,55,33,352,295,1.53,0.34
1641739,147,Toumani Camara,1610612757,POR,36,1118,129,297,0.434,54,154,0.351,33,43,0.767,77,119,196,71,50,17,53,105,345,448,1.34,0.94
1629652,148,Luguentz Dort,1610612760,OKC,35,1043,117,292,0.401,79,197,0.401,30,37,0.811,50,107,157,57,40,27,23,110,343,419,2.48,1.74
1627749,149,Dejounte Murray,1610612740,NOP,21,699,129,333,0.387,28,110,0.255,56,69,0.812,11,119,130,162,52,10,80,46,342,399,2.02,0.65
1628449,150,Chris Boucher,1610612761,TOR,33,573,122,255,0.478,43,127,0.339,54,68,0.794,43,99,142,21,21,21,22,44,341,377,0.95,0.95
1631124,150,Julian Strawther,1610612743,DEN,36,773,121,266,0.455,52,139,0.374,47,55,0.855,11,71,82,49,25,12,29,85,341,327,1.69,0.86
203915,150,Spencer Dinwiddie,1610612742,DAL,36,849,103,264,0.39,46,138,0.333,89,103,0.864,8,75,83,127,29,8,38,53,341,375,3.34,0.76
1642274,153,Yves Missi,1610612740,NOP,37,1009,134,242,0.554,0,1,0.0,72,108,0.667,140,171,311,55,22,52,41,82,340,595,1.34,0.54
1627884,154,Derrick Jones Jr.,1610612746,LAC,35,852,135,269,0.502,35,99,0.354,34,40,0.85,40,75,115,31,44,11,32,71,339,368,0.97,1.38
1630598,155,Aaron Wiggins,1610612760,OKC,36,727,132,276,0.478,53,133,0.398,21,25,0.84,32,82,114,49,29,10,30,44,338,362,1.63,0.97
1629048,156,Goga Bitadze,1610612753,ORL,34,852,142,229,0.62,2,19,0.105,51,75,0.68,99,190,289,84,30,57,50,83,337,636,1.68,0.6
1630703,157,Scoot Henderson,1610612757,POR,30,776,116,287,0.404,32,103,0.311,72,91,0.791,20,66,86,151,33,8,83,77,336,341,1.82,0.4
1630170,158,Devin Vassell,1610612759,SAS,22,637,127,297,0.428,44,129,0.341,37,47,0.787,18,64,82,67,26,10,36,34,335,304,1.86,0.72
1630168,158,Onyeka Okongwu,1610612737,ATL,31,729,134,248,0.54,11,50,0.22,56,73,0.767,77,133,210,50,21,26,22,69,335,489,2.27,0.95
1631105,160,Jalen Duren,1610612765,DET,35,875,138,203,0.68,0,0,0.0,56,93,0.602,112,218,330,82,21,42,66,110,332,639,1.24,0.32
1630592,160,Jalen Wilson,1610612751,BKN,36,980,113,290,0.39,51,160,0.319,55,64,0.859,38,81,119,64,19,1,39,83,332,310,1.64,0.49
1629638,162,Nickeil Alexander-Walker,1610612750,MIN,37,844,118,246,0.48,61,143,0.427,29,39,0.744,19,84,103,89,27,12,49,61,326,370,1.82,0.55
1642267,163,Carlton Carrington,1610612764,WAS,35,1058,123,293,0.42,56,156,0.359,22,28,0.786,12,137,149,142,26,8,60,95,324,413,2.37,0.43
1626220,163,Royce O'Neale,1610612756,PHX,31,817,115,257,0.447,78,177,0.441,16,21,0.762,31,142,173,73,30,19,31,71,324,441,2.35,0.97
1629018,165,Gary Trent Jr.,1610612749,MIL,33,811,112,256,0.438,70,165,0.424,29,32,0.906,6,68,74,29,36,1,21,67,323,295,1.38,1.71
1629645,166,Kevin Porter Jr.,1610612746,LAC,33,653,129,306,0.422,21,85,0.247,42,67,0.627,22,95,117,107,33,9,69,55,321,316,1.55,0.48
1631117,167,Walker Kessler,1610612762,UTA,30,889,137,191,0.717,2,3,0.667,44,79,0.557,128,213,341,48,15,76,44,67,320,667,1.09,0.34
203954,168,Joel Embiid,1610612755,PHI,13,383,99,219,0.452,16,49,0.327,103,112,0.92,22,81,103,50,11,13,41,29,317,324,1.22,0.27
1630230,168,Naji Marshall,1610612742,DAL,29,692,125,249,0.502,23,76,0.303,44,50,0.88,28,70,98,66,25,2,40,41,317,338,1.65,0.63
1631212,168,Peyton Watson,1610612743,DEN,36,879,116,241,0.481,26,78,0.333,59,78,0.756,34,87,121,51,30,40,29,69,317,386,1.76,1.03
1631218,171,Trayce Jackson-Davis,1610612744,GSW,36,708,139,235,0.591,0,1,0.0,38,60,0.633,75,140,215,79,16,30,32,49,316,506,2.47,0.5
1627777,172,Georges Niang,1610612739,CLE,37,747,120,254,0.472,63,163,0.387,12,16,0.75,24,113,137,58,12,5,38,87,315,351,1.53,0.32
1641783,173,Tristan da Silva,1610612753,ORL,35,908,118,283,0.417,44,139,0.317,29,36,0.806,42,100,142,61,14,7,33,53,309,328,1.85,0.42
1630643,174,Jay Huff,1610612763,MEM,34,515,107,203,0.527,56,132,0.424,37,47,0.787,18,68,86,26,10,36,25,59,307,334,1.04,0.4
1629651,175,Nic Claxton,1610612751,BKN,31,808,132,239,0.552,1,12,0.083,40,72,0.556,58,174,232,63,27,36,38,70,305,486,1.66,0.71
1631222,176,Jake LaRavia,1610612763,MEM,37,824,105,212,0.495,34,79,0.43,60,84,0.714,52,111,163,124,30,19,60,76,304,449,2.07,0.5
1631170,177,Jaime Jaquez Jr.,1610612748,MIA,32,744,111,253,0.439,19,67,0.284,62,86,0.721,44,111,155,86,40,4,50,50,303,372,1.72,0.8
1628989,178,Kevin Huerter,1610612758,SAC,33,794,114,268,0.425,56,178,0.315,18,25,0.72,17,93,110,63,33,16,32,66,302,331,1.97,1.03
1631110,179,Jeremy Sochan,1610612759,SAS,22,637,116,219,0.53,11,39,0.282,51,70,0.729,59,118,177,57,20,14,40,52,294,400,1.43,0.5
1641710,180,Anthony Black,1610612753,ORL,35,828,100,248,0.403,21,81,0.259,72,95,0.758,19,71,90,123,32,23,75,80,293,315,1.64,0.43
1628960,181,Grayson Allen,1610612756,PHX,27,648,91,211,0.431,62,153,0.405,47,56,0.839,17,67,84,49,22,9,29,39,291,297,1.69,0.76
203110,182,Draymond Green,1610612744,GSW,33,943,100,240,0.417,46,127,0.362,40,65,0.615,35,169,204,185,35,38,84,105,286,499,2.2,0.42
1631108,183,Max Christie,1610612747,LAL,35,814,90,196,0.459,37,100,0.37,67,76,0.882,24,61,85,47,32,14,27,58,284,320,1.74,1.19
1630553,184,Keon Johnson,1610612751,BKN,35,738,102,283,0.36,48,159,0.302,27,35,0.771,23,94,117,53,28,11,46,91,279,253,1.15,0.61
1630198,185,Isaiah Joe,1610612760,OKC,34,686,97,248,0.391,69,196,0.352,14,19,0.737,17,74,91,48,27,6,14,48,277,279,3.43,1.93
1628997,186,Caleb Martin,1610612755,PHI,30,907,99,224,0.442,32,84,0.381,46,74,0.622,42,91,133,65,33,19,43,61,276,330,1.51,0.77
1641726,187,Dereck Lively II,1610612742,DAL,30,738,116,166,0.699,0,0,0.0,42,67,0.627,96,149,245,76,17,51,36,89,274,552,2.11,0.47
1630540,188,Miles McBride,1610612752,NYK,28,687,96,226,0.425,53,132,0.402,28,35,0.8,21,53,74,84,25,6,25,45,273,300,3.36,1.0
1631260,189,AJ Green,1610612749,MIL,33,717,92,198,0.465,80,176,0.455,8,9,0.889,6,65,71,45,17,4,20,71,272,282,2.25,0.85
1628398,189,Kyle Kuzma,1610612764,WAS,18,480,113,252,0.448,21,79,0.266,25,43,0.581,11,86,97,37,11,4,41,29,272,223,0.9,0.27
1628998,191,Cody Martin,1610612766,CHA,33,849,104,236,0.441,34,111,0.306,28,41,0.683,35,123,158,78,40,24,36,65,270,389,2.17,1.11
1631106,191,Tari Eason,1610612745,HOU,24,546,105,221,0.475,23,73,0.315,37,49,0.755,51,100,151,25,46,24,20,59,270,368,1.25,2.3
1630188,193,Jalen Smith,1610612741,CHI,33,507,94,204,0.461,38,112,0.339,41,50,0.82,48,134,182,27,11,25,20,55,267,373,1.35,0.55
201144,193,Mike Conley,1610612750,MIN,33,822,84,234,0.359,58,158,0.367,41,45,0.911,17,73,90,143,46,6,39,49,267,359,3.67,1.18
1641729,195,Brice Sensabaugh,1610612762,UTA,28,490,95,197,0.482,50,117,0.427,24,26,0.923,19,59,78,36,17,3,40,36,264,254,0.9,0.42
1630172,196,Patrick Williams,1610612741,CHI,27,737,90,230,0.391,48,128,0.375,35,42,0.833,20,92,112,60,23,16,41,38,263,286,1.46,0.56
1629634,197,Brandon Clarke,1610612763,MEM,35,650,118,195,0.605,1,16,0.063,24,38,0.632,60,118,178,33,28,18,18,81,261,409,1.83,1.56
1630175,198,Cole Anthony,1610612753,ORL,36,506,94,243,0.387,28,93,0.301,41,53,0.774,16,73,89,91,17,10,56,63,257,247,1.63,0.3
1628392,198,Isaiah Hartenstein,1610612760,OKC,21,632,110,194,0.567,0,10,0.0,37,56,0.661,58,197,255,88,18,27,39,63,257,503,2.26,0.46
1631107,198,Nikola Jović,1610612748,MIA,27,586,86,196,0.439,35,99,0.354,50,61,0.82,16,84,100,58,23,6,22,36,257,301,2.64,1.04
1627752,198,Taurean Prince,1610612749,MIL,35,900,93,208,0.447,58,131,0.443,13,18,0.722,21,115,136,64,31,6,43,66,257,331,1.49,0.72
204001,202,Kristaps Porziņģis,1610612738,BOS,14,390,85,186,0.457,26,79,0.329,60,71,0.845,25,70,95,24,11,19,14,33,256,279,1.71,0.79
1641730,203,Noah Clowney,1610612751,BKN,27,574,84,207,0.406,55,143,0.385,32,38,0.842,24,79,103,23,11,12,26,71,255,249,0.89,0.42
1629726,204,Garrison Mathews,1610612737,ATL,29,543,74,173,0.428,61,145,0.421,44,53,0.83,10,40,50,44,20,10,21,50,253,248,2.1,0.95
201143,205,Al Horford,1610612738,BOS,29,812,92,217,0.424,58,158,0.367,10,12,0.833,29,130,159,64,23,24,26,47,252,369,2.46,0.89
1641716,206,Jarace Walker,1610612754,IND,38,663,89,190,0.468,40,100,0.4,32,50,0.64,13,107,120,56,39,12,44,62,250,314,1.27,0.89
1631165,206,Keon Ellis,1610612758,SAC,35,756,81,174,0.466,50,120,0.417,38,45,0.844,27,57,84,42,48,28,30,66,250,322,1.4,1.6
1630625,208,Dalano Banton,1610612757,POR,28,448,90,218,0.413,32,91,0.352,37,56,0.661,11,49,60,71,24,14,44,28,249,227,1.61,0.55
1627763,208,Malcolm Brogdon,1610612764,WAS,18,447,86,194,0.443,15,48,0.313,62,70,0.886,17,56,73,71,10,5,31,26,249,261,2.29,0.32
1641842,208,Ronald Holland II,1610612765,DET,38,606,98,203,0.483,17,74,0.23,36,45,0.8,19,90,109,29,18,6,36,68,249,261,0.81,0.5
1641744,211,Zach Edey,1610612763,MEM,24,511,102,171,0.596,10,24,0.417,33,53,0.623,81,98,179,22,16,27,39,68,247,363,0.56,0.41
1630702,212,Jaden Hardy,1610612742,DAL,30,477,90,204,0.441,38,96,0.396,28,38,0.737,6,40,46,40,18,5,43,48,246,188,0.93,0.42
1627827,213,Dorian Finney-Smith,1610612747,LAL,25,701,86,187,0.46,55,127,0.433,18,27,0.667,39,68,107,37,21,12,20,68,245,292,1.85,1.05
1629614,214,Andrew Nembhard,1610612754,IND,23,634,91,195,0.467,19,57,0.333,43,51,0.843,11,66,77,112,20,3,40,46,244,304,2.8,0.5
1641717,215,Cason Wallace,1610612760,OKC,35,948,99,229,0.432,34,107,0.318,11,13,0.846,37,79,116,83,60,23,22,75,243,371,3.77,2.73
1627739,216,Kris Dunn,1610612746,LAC,37,866,99,226,0.438,38,116,0.328,6,12,0.5,27,100,127,98,59,13,44,93,242,362,2.23,1.34
1630541,217,Moses Moody,1610612744,GSW,30,479,82,185,0.443,45,113,0.398,31,42,0.738,12,41,53,25,13,6,23,36,240,200,1.09,0.56
1641764,218,Brandin Podziemski,1610612744,GSW,30,725,93,230,0.404,31,105,0.295,22,30,0.733,31,104,135,96,29,7,30,46,239,331,3.2,0.97
1630182,219,Josh Green,1610612766,CHA,33,933,84,205,0.41,47,117,0.402,23,36,0.639,37,54,91,49,32,11,33,99,238,254,1.49,0.97
1629312,220,Haywood Highsmith,1610612748,MIA,34,849,88,181,0.486,43,105,0.41,15,22,0.682,31,84,115,41,31,22,29,75,234,314,1.41,1.07
1630548,220,Johnny Juzang,1610612762,UTA,32,571,79,189,0.418,54,135,0.4,22,25,0.88,19,69,88,33,12,5,16,62,234,243,2.06,0.75
203932,222,Aaron Gordon,1610612743,DEN,17,489,81,155,0.523,22,50,0.44,49,65,0.754,32,66,98,52,8,3,23,31,233,281,2.26,0.35
1630573,222,Sam Hauser,1610612738,BOS,30,633,84,195,0.431,63,167,0.377,2,2,1.0,22,69,91,33,22,6,9,34,233,265,3.67,2.44
1641722,224,Jordan Hawkins,1610612740,NOP,22,506,76,226,0.336,41,131,0.313,38,44,0.864,8,51,59,22,8,12,21,17,231,155,1.05,0.38
1630533,225,Ziaire Williams,1610612751,BKN,25,552,80,193,0.415,27,88,0.307,42,52,0.808,25,89,114,34,23,10,27,67,229,260,1.26,0.85
1631323,226,Simone Fontecchio,1610612765,DET,33,609,73,179,0.408,41,115,0.357,36,44,0.818,23,76,99,31,12,5,30,41,223,226,1.03,0.4
1642349,227,Ajay Mitchell,1610612760,OKC,34,561,84,166,0.506,22,51,0.431,28,33,0.848,17,50,67,57,24,3,28,59,218,254,2.04,0.86
1628379,228,Luke Kennard,1610612763,MEM,25,534,70,157,0.446,51,111,0.459,26,30,0.867,14,56,70,80,15,2,23,20,217,270,3.48,0.65
1628976,228,Wendell Carter Jr.,1610612753,ORL,26,633,80,169,0.473,11,56,0.196,46,66,0.697,40,141,181,55,20,15,22,66,217,357,2.5,0.91
1642346,230,Ryan Dunn,1610612756,PHX,32,625,87,197,0.442,35,116,0.302,7,14,0.5,26,74,100,27,17,23,15,75,216,251,1.8,1.13
203994,231,Jusuf Nurkić,1610612756,PHX,25,592,74,163,0.454,19,59,0.322,48,69,0.696,46,183,229,47,23,16,57,78,215,363,0.82,0.4
1626166,232,Cameron Payne,1610612752,NYK,32,489,77,183,0.421,45,111,0.405,15,18,0.833,9,37,46,87,19,9,22,57,214,244,3.96,0.86
1629003,233,Shake Milton,1610612747,LAL,31,536,77,169,0.456,30,81,0.37,28,37,0.757,17,44,61,68,15,2,23,45,212,234,2.96,0.65
1630526,234,Jeremiah Robinson-Earl,1610612740,NOP,33,617,79,178,0.444,26,81,0.321,25,29,0.862,62,95,157,39,24,4,26,41,209,304,1.5,0.92
1642273,235,Kyshawn George,1610612764,WAS,30,767,74,224,0.33,36,150,0.24,24,33,0.727,25,95,120,65,23,20,35,88,208,242,1.86,0.66
1630558,236,Davion Mitchell,1610612761,TOR,34,824,77,189,0.407,30,93,0.323,22,33,0.667,15,55,70,152,25,7,59,86,206,278,2.58,0.42
1630241,236,Sam Merrill,1610612739,CLE,30,569,68,177,0.384,53,153,0.346,17,18,0.944,11,42,53,47,17,7,14,61,206,206,3.36,1.21
1630529,238,Herbert Jones,1610612740,NOP,20,648,75,172,0.436,22,72,0.306,33,40,0.825,22,56,78,65,37,9,35,66,205,255,1.86,1.06
1629750,239,Javonte Green,1610612740,NOP,33,698,71,154,0.461,24,66,0.364,33,44,0.75,32,74,106,23,31,21,22,47,199,264,1.04,1.41
1630191,240,Isaiah Stewart,1610612765,DET,34,712,79,152,0.52,8,32,0.25,31,35,0.886,72,129,201,59,16,45,29,88,197,412,2.03,0.55
203992,241,Bogdan Bogdanović,1610612737,ATL,17,436,67,160,0.419,37,106,0.349,20,21,0.952,10,39,49,40,17,4,29,42,191,178,1.38,0.59
1628371,241,Jonathan Isaac,1610612753,ORL,33,550,68,168,0.405,21,84,0.25,34,49,0.694,57,100,157,15,25,42,18,46,191,297,0.83,1.39
1626168,243,Trey Lyles,1610612758,SAC,27,561,62,153,0.405,42,109,0.385,24,31,0.774,27,95,122,24,17,13,18,36,190,250,1.33,0.94
1629659,244,Talen Horton-Tucker,1610612741,CHI,30,366,69,143,0.483,24,63,0.381,26,38,0.684,13,45,58,44,13,8,18,31,188,207,2.44,0.72
1642419,245,Jamison Battle,1610612761,TOR,31,420,65,138,0.471,44,102,0.431,12,14,0.857,19,40,59,30,4,4,12,36,186,196,2.5,0.33
1630208,246,Nick Richards,1610612766,CHA,20,422,62,110,0.564,0,1,0.0,59,87,0.678,47,106,153,26,6,26,32,48,183,286,0.81,0.19
1630544,246,Tre Mann,1610612766,CHA,13,319,70,161,0.435,24,60,0.4,19,21,0.905,12,26,38,39,7,4,25,24,183,153,1.56,0.28
203083,248,Andre Drummond,1610612755,PHI,26,491,73,144,0.507,1,10,0.1,35,60,0.583,69,137,206,14,31,10,43,63,182,304,0.33,0.72
1630322,248,Lindy Waters III,1610612744,GSW,30,540,67,173,0.387,42,124,0.339,6,7,0.857,13,62,75,35,20,8,12,47,182,201,2.92,1.67
1641715,250,Cam Whitmore,1610612745,HOU,19,281,68,160,0.425,21,71,0.296,23,31,0.742,13,37,50,9,11,3,12,14,180,141,0.75,0.92
1642367,251,Jonathan Mogbo,1610612761,TOR,35,573,68,148,0.459,8,25,0.32,35,48,0.729,63,85,148,56,26,16,31,64,179,301,1.81,0.84
1630551,251,Justin Champagnie,1610612764,WAS,18,451,71,131,0.542,25,62,0.403,12,19,0.632,38,74,112,21,21,15,20,45,179,261,1.05,1.05
1642266,253,Ja'Kobe Walter,1610612761,TOR,23,451,65,165,0.394,24,81,0.296,24,36,0.667,20,38,58,34,12,6,21,44,178,155,1.62,0.57
1629731,254,Dean Wade,1610612739,CLE,28,636,60,140,0.429,44,118,0.373,12,24,0.5,25,116,141,42,25,14,9,48,176,297,4.67,2.78
1642347,254,Jamal Shead,1610612761,TOR,34,539,70,168,0.417,24,72,0.333,12,19,0.632,8,30,38,119,21,4,50,58,176,203,2.38,0.42
1630215,256,Jared Butler,1610612764,WAS,26,290,69,146,0.473,13,36,0.361,24,32,0.75,10,18,28,70,10,3,24,30,175,177,2.92,0.42
1641724,257,Jett Howard,1610612753,ORL,36,407,61,160,0.381,35,114,0.307,14,16,0.875,15,32,47,23,5,6,17,37,171,134,1.35,0.29
203995,257,Vasilije Micić,1610612766,CHA,24,506,61,186,0.328,29,88,0.33,20,25,0.8,15,41,56,86,13,0,49,25,171,147,1.75,0.27
1628420,259,Monté Morris,1610612756,PHX,31,433,58,140,0.414,19,62,0.306,34,40,0.85,9,42,51,52,14,3,14,19,169,187,3.71,1.0
1629674,260,Neemias Queta,1610612738,BOS,30,475,72,109,0.661,0,2,0.0,23,32,0.719,50,79,129,19,10,25,20,59,167,284,0.95,0.5
1629684,261,Grant Williams,1610612766,CHA,16,479,54,123,0.439,27,74,0.365,31,37,0.838,18,64,82,37,18,13,28,46,166,213,1.32,0.64
1641824,261,Matas Buzelis,1610612741,CHI,35,446,58,161,0.36,26,81,0.321,24,30,0.8,21,68,89,18,10,28,19,49,166,183,0.95,0.53
1641763,263,Julian Phillips,1610612741,CHI,36,492,59,135,0.437,26,79,0.329,21,32,0.656,29,41,70,16,19,8,15,51,165,176,1.07,1.27
203935,263,Marcus Smart,1610612763,MEM,18,382,53,142,0.373,29,87,0.333,30,36,0.833,14,28,42,69,23,6,34,30,165,176,2.03,0.68
1631096,265,Chet Holmgren,1610612760,OKC,10,265,56,111,0.505,14,37,0.378,38,49,0.776,16,71,87,20,8,26,23,18,164,216,0.87,0.35
1642270,266,Donovan Clingan,1610612757,POR,29,467,67,127,0.528,6,19,0.316,23,32,0.719,78,99,177,17,12,45,33,74,163,312,0.52,0.36
1631213,266,Tyrese Martin,1610612751,BKN,21,393,59,140,0.421,31,85,0.365,14,21,0.667,20,56,76,35,11,3,20,22,163,180,1.75,0.55
1629611,268,Terance Mann,1610612746,LAC,26,522,63,139,0.453,20,53,0.377,16,24,0.667,24,50,74,43,25,5,16,50,162,209,2.69,1.56
203114,269,Khris Middleton,1610612749,MIL,13,307,57,130,0.438,20,52,0.385,26,31,0.839,4,54,58,63,10,2,27,33,160,188,2.33,0.37
1629026,270,Kenrich Williams,1610612760,OKC,26,344,61,110,0.555,24,55,0.436,13,14,0.929,22,53,75,26,17,4,10,42,159,221,2.6,1.7
1626172,270,Kevon Looney,1610612744,GSW,31,486,70,128,0.547,0,0,0.0,19,45,0.422,94,115,209,51,25,9,19,68,159,350,2.68,1.32
1631109,272,Mark Williams,1610612766,CHA,13,261,63,102,0.618,0,1,0.0,32,39,0.821,31,69,100,26,7,12,14,29,158,243,1.86,0.5
1629627,272,Zion Williamson,1610612740,NOP,7,214,56,119,0.471,2,8,0.25,44,69,0.638,20,34,54,36,7,8,26,21,158,149,1.39,0.27
203552,274,Seth Curry,1610612766,CHA,30,415,58,125,0.464,28,66,0.424,13,15,0.867,12,31,43,15,14,5,10,31,157,155,1.5,1.4
203937,275,Kyle Anderson,1610612744,GSW,31,460,62,144,0.431,17,47,0.362,15,24,0.625,23,71,94,70,24,17,17,35,156,253,4.12,1.41
1631204,275,Marcus Sasser,1610612765,DET,27,375,61,129,0.473,26,68,0.382,8,8,1.0,11,20,31,52,20,4,24,33,156,171,2.17,0.83
1642275,275,Tidjane Salaün,1610612766,CHA,31,591,53,164,0.323,29,103,0.282,21,31,0.677,34,99,133,34,19,6,26,41,156,201,1.31,0.73
1628380,278,Zach Collins,1610612759,SAS,29,393,56,125,0.448,12,44,0.273,31,35,0.886,35,58,93,47,13,13,23,65,155,225,2.04,0.56
1630231,279,KJ Martin,1610612755,PHI,24,480,61,99,0.616,8,21,0.381,24,29,0.828,21,51,72,19,11,16,12,62,154,217,1.58,0.92
1641741,279,Ricky Council IV,1610612755,PHI,28,356,49,117,0.419,12,45,0.267,44,52,0.846,17,44,61,20,7,5,11,21,154,160,1.82,0.64
1627732,281,Ben Simmons,1610612751,BKN,26,653,69,127,0.543,0,0,0.0,15,21,0.714,23,113,136,179,22,12,73,60,153,365,2.45,0.3
1642271,282,Kyle Filipowski,1610612762,UTA,26,455,57,115,0.496,13,45,0.289,25,42,0.595,23,100,123,47,15,4,28,50,152,238,1.68,0.54
1630171,283,Isaac Okoro,1610612739,CLE,25,504,53,114,0.465,30,67,0.448,15,21,0.714,22,32,54,42,18,10,9,49,151,199,4.67,2.0
1630631,284,Jose Alvarado,1610612740,NOP,15,353,50,130,0.385,30,78,0.385,18,22,0.818,10,20,30,59,25,4,20,36,148,162,2.95,1.25
1629006,284,Josh Okogie,1610612756,PHX,24,343,55,112,0.491,16,42,0.381,22,32,0.688,31,39,70,14,20,9,16,28,148,178,0.88,1.25
1631094,286,Paolo Banchero,1610612753,ORL,5,182,48,97,0.495,11,32,0.344,38,59,0.644,12,32,44,28,3,4,11,13,145,143,2.54,0.27
1626204,287,Larry Nance Jr.,1610612737,ATL,15,291,55,94,0.585,26,50,0.52,7,8,0.875,16,48,64,24,16,11,11,23,143,207,2.18,1.46
1628436,288,Luke Kornet,1610612738,BOS,31,519,55,88,0.625,0,0,0.0,31,44,0.705,65,91,156,46,14,32,12,38,141,331,3.83,1.17
203486,288,Mason Plumlee,1610612756,PHX,35,617,53,91,0.582,0,1,0.0,35,57,0.614,55,170,225,66,14,26,31,70,141,381,2.13,0.45
1631207,290,Dalen Terry,1610612741,CHI,34,454,48,102,0.471,13,38,0.342,25,36,0.694,19,32,51,36,18,8,31,53,134,151,1.16,0.58
1629216,291,Gabe Vincent,1610612747,LAL,32,610,50,138,0.362,29,91,0.319,4,8,0.5,10,32,42,31,24,5,19,61,133,124,1.63,1.26
202692,292,Alec Burks,1610612748,MIA,21,350,40,93,0.43,31,69,0.449,21,26,0.808,7,41,48,22,13,4,7,14,132,154,3.14,1.86
1629234,292,Drew Eubanks,1610612762,UTA,27,372,53,87,0.609,2,4,0.5,24,37,0.649,28,79,107,32,7,17,25,32,132,223,1.28,0.28
1641757,292,Jordan Miller,1610612746,LAC,23,328,50,117,0.427,8,35,0.229,24,30,0.8,22,28,50,30,13,3,20,21,132,135,1.5,0.65
1641767,295,Ben Sheppard,1610612754,IND,24,477,48,116,0.414,31,83,0.373,4,4,1.0,16,47,63,24,11,7,8,57,131,160,3.0,1.38
1627780,296,Gary Payton II,1610612744,GSW,28,368,58,106,0.547,5,32,0.156,9,15,0.6,33,45,78,34,20,10,14,40,130,204,2.43,1.43
1631200,296,Kris Murray,1610612757,POR,31,424,53,114,0.465,14,46,0.304,10,23,0.435,29,40,69,27,13,6,17,33,130,154,1.59,0.77
201569,298,Eric Gordon,1610612755,PHI,24,402,43,110,0.391,22,69,0.319,19,26,0.731,3,19,22,28,15,6,17,16,127,107,1.65,0.88
1631103,298,Malaki Branham,1610612759,SAS,23,264,46,105,0.438,18,47,0.383,17,20,0.85,3,28,31,26,7,2,26,15,127,105,1.0,0.27
201587,298,Nicolas Batum,1610612746,LAC,37,655,42,107,0.393,33,87,0.379,10,13,0.769,24,77,101,55,23,14,20,55,127,232,2.75,1.15
1641748,301,Andre Jackson Jr.,1610612749,MIL,34,603,48,115,0.417,19,53,0.358,7,13,0.538,35,70,105,51,21,10,38,75,122,198,1.34,0.55
1630193,302,Immanuel Quickley,1610612761,TOR,8,225,41,107,0.383,16,49,0.327,23,25,0.92,1,17,18,53,5,1,14,16,121,116,3.79,0.36
1642276,302,Kel'el Ware,1610612748,MIA,21,248,50,83,0.602,9,21,0.429,12,19,0.632,14,47,61,10,10,17,12,24,121,167,0.83,0.83
1641709,304,Ausar Thompson,1610612765,DET,16,290,52,101,0.515,5,19,0.263,11,24,0.458,23,49,72,28,24,5,24,41,120,163,1.17,1.0
1628418,305,Thomas Bryant,1610612754,IND,22,269,43,85,0.506,16,42,0.381,17,17,1.0,24,51,75,14,7,13,5,22,119,181,2.8,1.4
1630538,306,Bones Hyland,1610612746,LAC,16,176,34,93,0.366,25,65,0.385,19,22,0.864,5,13,18,20,12,4,17,17,112,87,1.18,0.71
1629646,307,Charles Bassey,1610612759,SAS,25,259,48,85,0.565,0,0,0.0,15,25,0.6,37,64,101,11,8,23,17,36,111,190,0.65,0.47
1642345,307,Oso Ighodaro,1610612756,PHX,29,466,50,87,0.575,0,1,0.0,11,19,0.579,30,79,109,29,13,10,18,49,111,209,1.61,0.72
1627936,309,Alex Caruso,1610612760,OKC,20,398,43,114,0.377,17,65,0.262,7,9,0.778,12,46,58,49,38,12,15,40,110,179,3.27,2.53
1628464,309,Daniel Theis,1610612740,NOP,28,413,41,87,0.471,7,27,0.259,21,24,0.875,28,85,113,40,11,16,17,46,110,224,2.35,0.65
1631223,309,David Roddy,1610612737,ATL,21,271,40,70,0.571,16,35,0.457,14,16,0.875,6,42,48,23,9,4,17,15,110,145,1.35,0.53
1630549,312,Day'Ron Sharpe,1610612751,BKN,15,251,43,96,0.448,3,20,0.15,20,23,0.87,40,51,91,22,12,7,16,28,109,169,1.38,0.75
1630570,313,Trendon Watford,1610612751,BKN,13,209,35,79,0.443,8,26,0.308,30,35,0.857,4,32,36,15,5,4,16,30,108,103,0.94,0.31
1630249,314,Vít Krejčí,1610612737,ATL,23,371,37,94,0.394,20,59,0.339,11,15,0.733,10,41,51,49,14,8,21,43,105,145,2.33,0.67
200768,315,Kyle Lowry,1610612755,PHI,25,497,31,87,0.356,22,65,0.338,20,25,0.8,8,38,46,68,25,8,18,47,104,172,3.78,1.39
1631217,316,Moussa Diabaté,1610612766,CHA,30,537,46,76,0.605,0,0,0.0,11,25,0.44,92,113,205,19,19,22,27,51,103,297,0.7,0.7
1631245,317,Quenton Jackson,1610612754,IND,18,254,39,76,0.513,9,24,0.375,15,21,0.714,10,17,27,31,9,5,11,32,102,120,2.82,0.82
1630194,318,Paul Reed,1610612765,DET,21,231,38,68,0.559,5,15,0.333,19,23,0.826,15,33,48,21,26,13,12,35,100,162,1.75,2.17
1642263,318,Reed Sheppard,1610612745,HOU,30,349,38,118,0.322,19,68,0.279,5,6,0.833,10,28,38,35,16,10,18,28,100,100,1.94,0.89
1628988,320,Aaron Holiday,1610612745,HOU,26,274,33,78,0.423,18,48,0.375,15,17,0.882,4,20,24,30,8,2,9,23,99,107,3.33,0.89
1630572,320,Sandro Mamukelashvili,1610612759,SAS,22,198,34,64,0.531,18,43,0.419,13,18,0.722,12,47,59,8,4,6,9,14,99,132,0.89,0.44
1628366,322,Lonzo Ball,1610612741,CHI,18,346,33,96,0.344,23,78,0.295,9,12,0.75,7,53,60,64,27,9,21,25,98,171,3.05,1.29
1641796,322,Pelle Larsson,1610612748,MIA,22,308,35,72,0.486,11,33,0.333,17,27,0.63,11,25,36,27,11,1,11,43,98,115,2.46,1.0
203482,324,Kelly Olynyk,1610612761,TOR,15,222,33,71,0.465,11,25,0.44,19,23,0.826,14,40,54,28,12,3,22,33,96,129,1.27,0.55
1630173,324,Precious Achiuwa,1610612752,NYK,17,319,40,76,0.526,5,14,0.357,11,21,0.524,31,69,100,16,10,12,16,22,96,172,1.0,0.63
1629629,326,Cam Reddish,1610612747,LAL,28,524,35,78,0.449,12,41,0.293,13,21,0.619,13,44,57,22,30,10,12,41,95,151,1.83,2.5
1642268,326,Isaiah Collier,1610612762,UTA,28,526,38,119,0.319,7,48,0.146,12,23,0.522,7,61,68,111,21,5,67,52,95,141,1.66,0.31
201567,326,Kevin Love,1610612748,MIA,16,183,32,91,0.352,18,50,0.36,13,19,0.684,17,55,72,19,13,2,13,14,95,123,1.46,1.0
1631157,329,Ryan Rollins,1610612749,MIL,21,235,36,76,0.474,13,33,0.394,9,11,0.818,6,30,36,23,19,8,17,25,94,121,1.35,1.12
1628963,330,Marvin Bagley III,1610612764,WAS,19,167,38,71,0.535,2,10,0.2,15,23,0.652,27,29,56,7,7,5,11,12,93,116,0.64,0.64
203926,331,Doug McDermott,1610612758,SAC,25,218,31,73,0.425,26,63,0.413,3,5,0.6,2,14,16,4,4,1,4,22,91,68,1.0,1.0
1631104,332,Blake Wesley,1610612759,SAS,24,262,35,76,0.461,4,20,0.2,15,21,0.714,6,15,21,46,9,3,23,14,89,98,2.0,0.39
1629004,332,Svi Mykhailiuk,1610612762,UTA,11,187,31,76,0.408,20,57,0.351,7,9,0.778,1,18,19,16,11,2,17,11,89,73,0.94,0.65
1630696,334,Dru Smith,1610612748,MIA,14,268,31,61,0.508,16,30,0.533,10,13,0.769,12,24,36,23,21,6,17,30,88,124,1.35,1.24
1631133,335,Jabari Walker,1610612757,POR,25,253,34,76,0.447,4,22,0.182,13,18,0.722,21,52,73,13,8,3,13,28,85,122,1.0,0.61
203914,336,Gary Harris,1610612753,ORL,20,326,29,72,0.403,19,54,0.352,4,8,0.5,10,15,25,10,13,5,9,14,81,78,1.11,1.44
1628964,336,Mo Bamba,1610612746,LAC,20,251,31,74,0.419,8,35,0.229,11,15,0.733,17,64,81,12,9,21,12,35,81,145,1.0,0.75
1626192,336,Pat Connaughton,1610612749,MIL,18,285,29,76,0.382,14,47,0.298,9,12,0.75,10,41,51,28,4,6,11,22,81,109,2.54,0.36
1641810,339,Antonio Reeves,1610612740,NOP,17,155,31,74,0.419,11,37,0.297,7,8,0.875,6,12,18,10,6,0,5,7,80,65,2.0,1.2
201599,339,DeAndre Jordan,1610612743,DEN,24,271,36,57,0.632,0,0,0.0,8,20,0.4,26,76,102,22,8,10,16,30,80,173,1.38,0.5
1629637,339,Jaxson Hayes,1610612747,LAL,15,238,29,45,0.644,0,0,0.0,22,29,0.759,25,37,62,11,6,12,9,37,80,139,1.22,0.67
1641712,342,Rayan Rupert,1610612757,POR,26,251,29,69,0.42,9,31,0.29,12,16,0.75,18,18,36,13,8,2,13,19,79,81,1.0,0.61
1629057,342,Robert Williams III,1610612757,POR,12,198,33,46,0.717,1,3,0.333,12,13,0.923,19,41,60,12,9,20,9,14,79,157,1.33,1.0
202704,344,Reggie Jackson,1610612755,PHI,20,238,29,77,0.377,18,49,0.367,2,3,0.667,5,21,26,32,10,3,11,19,78,89,2.91,0.91
1642262,345,Cody Williams,1610612762,UTA,21,417,26,86,0.302,11,45,0.244,13,18,0.722,10,37,47,25,11,8,16,37,76,86,1.56,0.69
1642403,345,Isaac Jones,1610612758,SAC,21,173,32,48,0.667,1,4,0.25,11,20,0.55,10,21,31,4,2,8,11,22,76,85,0.36,0.18
1630256,345,Jae'Sean Tate,1610612745,HOU,20,205,27,56,0.482,6,16,0.375,16,25,0.64,16,30,46,14,12,1,8,37,76,103,1.75,1.5
1630811,348,Keaton Wallace,1610612737,ATL,16,248,29,71,0.408,13,37,0.351,4,4,1.0,2,20,22,30,13,6,17,15,75,87,1.76,0.77
1629622,349,Max Strus,1610612739,CLE,9,210,26,60,0.433,19,49,0.388,3,3,1.0,9,23,32,29,3,3,10,17,74,97,2.9,0.3
1641733,350,Nick Smith Jr.,1610612766,CHA,17,172,28,71,0.394,16,40,0.4,1,2,0.5,2,20,22,16,4,2,3,9,73,70,5.33,1.33
1631288,351,Jamal Cain,1610612740,NOP,16,225,25,55,0.455,9,28,0.321,10,16,0.625,15,30,45,10,8,7,7,20,69,96,1.43,1.14
1631169,351,Josh Minott,1610612750,MIN,23,172,28,54,0.519,6,24,0.25,7,9,0.778,6,23,29,13,10,8,7,22,69,94,1.86,1.43
1631216,353,Caleb Houstan,1610612753,ORL,26,256,21,63,0.333,19,55,0.345,7,7,1.0,5,13,18,8,6,3,4,19,68,57,2.0,1.5
1630200,353,Tre Jones,1610612759,SAS,19,314,25,55,0.455,4,18,0.222,14,18,0.778,11,32,43,74,13,4,13,25,68,155,5.69,1.0
1629669,355,Jaylen Nowell,1610612740,NOP,8,168,26,73,0.356,8,27,0.296,7,11,0.636,6,14,20,18,1,4,8,9,67,51,2.25,0.13
1631098,355,Johnny Davis,1610612764,WAS,24,196,27,62,0.435,6,22,0.273,7,11,0.636,7,25,32,9,12,6,4,16,67,83,2.25,3.0
1628467,357,Maxi Kleber,1610612742,DAL,26,504,24,61,0.393,7,27,0.259,11,14,0.786,17,64,81,27,7,12,18,50,66,135,1.5,0.39
203500,357,Steven Adams,1610612745,HOU,24,253,26,43,0.605,0,0,0.0,14,37,0.378,51,56,107,24,6,5,24,25,66,144,1.0,0.25
1626153,359,Delon Wright,1610612749,MIL,23,370,22,72,0.306,12,44,0.273,8,14,0.571,15,27,42,42,19,7,13,17,64,105,3.23,1.46
1629723,360,John Konchar,1610612763,MEM,21,311,23,58,0.397,12,41,0.293,5,6,0.833,25,67,92,26,13,10,10,23,63,158,2.6,1.3
1630243,360,Trevelin Queen,1610612753,ORL,12,190,22,54,0.407,12,29,0.414,7,8,0.875,8,9,17,19,12,5,13,23,63,70,1.46,0.92
1629001,362,De'Anthony Melton,1610612751,BKN,6,121,22,54,0.407,13,35,0.371,5,8,0.625,6,14,20,17,7,2,10,18,62,63,1.7,0.7
1628470,362,Torrey Craig,1610612741,CHI,9,113,22,45,0.489,15,35,0.429,3,4,0.75,8,17,25,5,2,1,0,15,62,71,0.0,0.0
1631209,364,Isaiah Wong,1610612766,CHA,10,143,20,56,0.357,4,17,0.235,17,26,0.654,12,10,22,18,6,0,10,11,61,52,1.8,0.6
1629610,365,DaQuan Jeffries,1610612766,CHA,8,152,24,45,0.533,9,20,0.45,3,4,0.75,6,17,23,5,5,5,6,14,60,70,0.83,0.83
1642277,365,Johnny Furphy,1610612754,IND,24,211,21,55,0.382,11,32,0.344,7,7,1.0,13,16,29,9,8,6,9,20,60,69,1.0,0.89
1641765,365,Olivier-Maxence Prosper,1610612742,DAL,27,190,20,55,0.364,4,16,0.25,16,25,0.64,21,30,51,14,9,2,4,9,60,88,3.5,2.25
1631111,365,Wendell Moore Jr.,1610612765,DET,17,211,22,48,0.458,3,13,0.231,13,14,0.929,11,33,44,22,10,3,9,15,60,103,2.44,1.11
1641816,369,Hunter Tyson,1610612743,DEN,26,219,19,46,0.413,8,26,0.308,13,15,0.867,9,32,41,11,4,4,9,27,59,81,1.22,0.44
1628981,370,Bruno Fernando,1610612761,TOR,17,147,26,49,0.531,0,0,0.0,6,8,0.75,21,30,51,18,4,9,14,27,58,101,1.29,0.29
1629111,370,Jock Landale,1610612745,HOU,20,183,22,53,0.415,3,7,0.429,11,20,0.55,23,30,53,15,3,7,10,15,58,86,1.5,0.3
1631172,370,Ousmane Dieng,1610612760,OKC,20,204,21,65,0.323,9,38,0.237,7,11,0.636,9,38,47,14,13,4,5,19,58,83,2.8,2.6
1628975,373,Jevon Carter,1610612741,CHI,17,114,20,45,0.444,13,31,0.419,4,6,0.667,2,12,14,14,5,0,6,4,57,57,2.33,0.83
1630174,374,Aaron Nesmith,1610612754,IND,6,136,19,36,0.528,6,11,0.545,11,13,0.846,4,20,24,6,4,2,5,24,55,67,1.2,0.8
1642265,374,Rob Dillingham,1610612750,MIN,15,127,23,51,0.451,9,21,0.429,0,0,0.0,1,10,11,25,2,0,16,5,55,49,1.56,0.13
1630579,376,Jericho Sims,1610612752,NYK,32,372,24,38,0.632,0,0,0.0,6,9,0.667,41,73,114,20,7,10,19,40,54,169,1.05,0.37
201988,376,Patty Mills,1610612762,UTA,12,193,19,59,0.322,12,44,0.273,4,4,1.0,1,11,12,17,11,3,13,9,54,44,1.31,0.85
1630264,378,Anthony Gill,1610612764,WAS,25,165,19,38,0.5,5,14,0.357,10,18,0.556,6,21,27,6,6,1,6,13,53,60,1.0,1.0
1641794,378,Dillon Jones,1610612760,OKC,26,210,20,61,0.328,7,36,0.194,6,12,0.5,16,30,46,17,4,2,9,23,53,66,1.89,0.44
1641723,378,Kobe Bufkin,1610612737,ATL,10,124,18,47,0.383,4,19,0.211,13,18,0.722,5,16,21,17,3,2,8,9,53,54,2.13,0.38
1642354,381,KJ Simpson,1610612766,CHA,12,173,18,61,0.295,5,29,0.172,10,15,0.667,12,9,21,20,9,2,12,15,51,43,1.67,0.75
1630539,381,Kai Jones,1610612746,LAC,23,183,21,30,0.7,0,2,0.0,9,12,0.75,14,27,41,10,6,12,9,22,51,99,1.11,0.67
1641854,383,Craig Porter Jr.,1610612739,CLE,21,175,20,37,0.541,5,11,0.455,5,7,0.714,2,15,17,24,5,7,9,9,50,75,2.67,0.56
1629162,384,Jordan McLaughlin,1610612758,SAC,24,174,15,41,0.366,9,24,0.375,10,14,0.714,4,16,20,22,10,0,11,12,49,60,2.0,0.91
1642278,385,Tyler Kolek,1610612752,NYK,22,131,17,42,0.405,10,25,0.4,4,4,1.0,2,11,13,15,6,1,8,12,48,50,1.88,0.75
202709,386,Cory Joseph,1610612753,ORL,23,159,17,46,0.37,12,31,0.387,1,2,0.5,5,15,20,21,7,2,9,10,47,58,2.33,0.78
203901,386,Elfrid Payton,1610612740,NOP,7,144,23,46,0.5,0,1,0.0,1,2,0.5,5,19,24,48,10,3,20,10,47,88,2.4,0.5
203458,388,Alex Len,1610612758,SAC,29,211,20,37,0.541,0,4,0.0,6,11,0.545,20,35,55,25,5,16,8,26,46,117,3.13,0.63
203939,388,Dwight Powell,1610612742,DAL,30,228,13,17,0.765,1,1,1.0,19,28,0.679,21,36,57,21,10,15,7,33,46,129,3.0,1.43
1631132,390,Christian Koloko,1610612747,LAL,21,201,21,35,0.6,0,2,0.0,3,4,0.75,24,29,53,7,6,8,7,26,45,97,1.0,0.86
1641775,390,Jordan Walsh,1610612738,BOS,26,229,16,47,0.34,8,32,0.25,5,10,0.5,11,22,33,8,7,8,7,16,45,58,1.14,1.0
1642281,392,Jaylon Tyson,1610612739,CLE,21,153,17,40,0.425,4,15,0.267,4,8,0.5,13,22,35,14,5,0,10,24,42,59,1.4,0.5
1630695,392,Micah Potter,1610612762,UTA,13,217,15,38,0.395,11,31,0.355,1,1,1.0,15,37,52,13,3,5,10,12,42,82,1.3,0.3
203967,394,Dario Šarić,1610612743,DEN,12,173,15,50,0.3,6,24,0.25,5,6,0.833,12,31,43,17,7,1,14,17,41,59,1.21,0.5
1641871,394,Duop Reath,1610612757,POR,16,94,14,34,0.412,9,24,0.375,4,6,0.667,8,8,16,4,0,2,1,11,41,40,4.0,0.0
1642285,396,Cam Spencer,1610612763,MEM,10,121,13,30,0.433,5,16,0.313,9,9,1.0,5,12,17,16,3,1,5,11,40,55,3.2,0.6
1630568,397,Luka Garza,1610612750,MIN,10,50,16,27,0.593,2,8,0.25,5,8,0.625,4,7,11,1,1,0,3,5,39,35,0.33,0.33
1641737,398,Adem Bona,1610612755,PHI,20,148,12,20,0.6,0,0,0.0,14,19,0.737,12,29,41,5,1,13,10,26,38,75,0.5,0.1
201959,398,Taj Gibson,1610612766,CHA,15,159,16,34,0.471,1,2,0.5,5,8,0.625,21,24,45,7,6,4,9,18,38,70,0.78,0.67
1641998,398,Trey Jemison III,1610612740,NOP,16,166,15,32,0.469,0,0,0.0,8,21,0.381,22,22,44,10,7,6,10,27,38,65,1.0,0.7
1631119,401,Jaylin Williams,1610612760,OKC,9,107,13,32,0.406,11,29,0.379,0,0,0.0,5,23,28,18,2,2,4,9,37,64,4.5,0.5
1630288,401,Jeff Dowtin Jr.,1610612755,PHI,13,126,14,33,0.424,2,9,0.222,7,11,0.636,2,11,13,13,4,1,2,7,37,43,6.5,2.0
201145,401,Jeff Green,1610612745,HOU,11,94,13,25,0.52,5,15,0.333,6,8,0.75,1,12,13,1,3,0,3,8,37,37,0.33,1.0
1630537,404,Chris Duarte,1610612741,CHI,14,68,12,25,0.48,6,14,0.429,6,8,0.75,5,14,19,8,0,0,1,7,36,47,8.0,0.0
1641738,404,Kobe Brown,1610612746,LAC,11,84,15,30,0.5,3,8,0.375,3,4,0.75,6,20,26,6,1,0,1,8,36,52,6.0,1.0
1641809,406,Drew Peterson,1610612738,BOS,11,109,11,22,0.5,7,17,0.412,6,7,0.857,5,18,23,8,2,2,5,10,35,53,1.6,0.4
1630543,406,Isaiah Jackson,1610612754,IND,5,84,14,23,0.609,0,0,0.0,7,14,0.5,11,17,28,5,3,8,5,14,35,58,1.0,0.6
1631116,406,Patrick Baldwin Jr.,1610612764,WAS,16,66,13,23,0.565,7,13,0.538,2,4,0.5,4,9,13,1,2,2,3,4,35,38,0.33,0.67
1630314,409,Brandon Williams,1610612742,DAL,10,66,12,26,0.462,2,8,0.25,8,11,0.727,2,6,8,6,1,0,5,4,34,27,1.2,0.2
1629618,409,Jalen Pickett,1610612743,DEN,11,88,13,24,0.542,8,16,0.5,0,0,0.0,1,10,11,21,1,1,5,7,34,52,4.2,0.2
1642402,411,Enrique Freeman,1610612754,IND,18,135,12,25,0.48,1,6,0.167,7,13,0.538,5,13,18,7,2,2,5,17,32,37,1.4,0.4
1626196,411,Josh Richardson,1610612748,MIA,8,149,11,38,0.289,6,22,0.273,4,4,1.0,6,6,12,12,8,1,8,17,32,30,1.5,1.0
202684,411,Tristan Thompson,1610612739,CLE,15,102,14,30,0.467,0,1,0.0,4,16,0.25,9,27,36,4,0,4,6,10,32,42,0.67,0.0
1629013,414,Landry Shamet,1610612752,NYK,9,113,14,30,0.467,3,13,0.231,0,0,0.0,2,5,7,6,6,1,4,8,31,31,1.5,1.5
1630699,415,MarJon Beauchamp,1610612749,MIL,17,69,11,27,0.407,3,13,0.231,5,6,0.833,3,14,17,2,1,1,12,5,30,22,0.17,0.08
1629650,416,Moses Brown,1610612754,IND,9,46,13,20,0.65,0,0,0.0,3,5,0.6,4,9,13,0,2,1,6,6,29,30,0.0,0.33
1629626,417,Bol Bol,1610612756,PHX,8,49,11,19,0.579,2,8,0.25,4,6,0.667,4,8,12,1,0,2,3,1,28,30,0.33,0.0
1630550,417,JT Thor,1610612739,CLE,7,33,9,12,0.75,3,4,0.75,7,8,0.875,3,3,6,0,2,3,4,4,28,31,0.0,0.5
1628971,419,Bruce Brown,1610612761,TOR,5,90,11,29,0.379,1,6,0.167,4,5,0.8,3,7,10,3,3,0,3,7,27,21,1.0,1.0
1630214,420,Xavier Tillman,1610612738,BOS,22,173,10,36,0.278,4,19,0.211,1,2,0.5,8,26,34,6,8,5,7,13,25,44,0.86,1.14
1630192,420,Zeke Nnaji,1610612743,DEN,21,97,12,29,0.414,0,9,0.0,1,5,0.2,2,5,7,4,1,2,2,9,25,16,2.0,0.5
1641732,422,Colby Jones,1610612758,SAC,22,119,10,24,0.417,4,9,0.444,0,0,0.0,6,14,20,5,5,5,7,13,24,38,0.71,0.71
1641789,422,Jazian Gortman,1610612742,DAL,15,55,9,23,0.391,4,11,0.364,2,4,0.5,1,4,5,6,2,1,5,9,24,17,1.2,0.4
1642348,422,Justin Edwards,1610612755,PHI,7,72,10,22,0.455,4,14,0.286,0,1,0.0,4,9,13,3,2,2,2,7,24,29,1.5,1.0
1641787,422,Tosan Evbuomwan,1610612751,BKN,3,74,9,18,0.5,1,6,0.167,5,9,0.556,3,11,14,3,1,2,4,5,24,27,0.75,0.25
1642530,422,Yuki Kawamura,1610612763,MEM,16,54,8,21,0.381,4,15,0.267,4,6,0.667,0,6,6,12,1,0,4,7,24,24,3.0,0.25
1630611,427,Gui Santos,1610612744,GSW,13,88,8,19,0.421,5,15,0.333,2,4,0.5,6,11,17,8,3,2,8,11,23,32,1.0,0.38
1630311,427,Pat Spencer,1610612744,GSW,15,88,9,25,0.36,0,4,0.0,5,8,0.625,6,11,17,23,8,2,6,6,23,48,3.83,1.33
1630574,429,Ariel Hukporti,1610612752,NYK,12,99,9,14,0.643,0,0,0.0,4,8,0.5,4,18,22,6,0,8,10,14,22,39,0.6,0.0
1641890,429,Tyler Smith,1610612749,MIL,11,38,9,14,0.643,3,8,0.375,1,2,0.5,1,9,10,1,0,3,3,4,22,27,0.33,0.0
1641727,431,Dariq Whitehead,1610612751,BKN,5,30,7,14,0.5,7,13,0.538,0,0,0.0,0,3,3,1,3,1,3,2,21,19,0.33,1.0
1641736,431,Reece Beekman,1610612751,BKN,10,87,9,23,0.391,1,5,0.2,2,3,0.667,1,2,3,8,4,2,7,5,21,16,1.14,0.57
1630531,433,Jaden Springer,1610612738,BOS,15,64,4,14,0.286,0,4,0.0,12,15,0.8,4,10,14,5,4,0,2,10,20,28,2.5,2.0
203109,433,Jae Crowder,1610612758,SAC,6,89,6,17,0.353,3,12,0.25,5,6,0.833,6,11,17,4,3,0,4,10,20,28,1.0,0.75
202695,433,Kawhi Leonard,1610612746,LAC,2,40,7,22,0.318,5,10,0.5,1,3,0.333,2,3,5,3,2,0,3,2,20,10,1.0,0.67
1627814,436,Damion Lee,1610612756,PHX,8,48,5,21,0.238,1,12,0.083,8,8,1.0,1,5,6,5,2,0,3,2,19,13,1.67,0.67
1631115,436,Orlando Robinson,1610612758,SAC,9,57,7,17,0.412,1,5,0.2,4,7,0.571,3,11,14,9,3,1,4,6,19,29,2.25,0.75
1642359,436,Pacôme Dadiet,1610612752,NYK,12,82,6,20,0.3,5,14,0.357,2,2,1.0,0,13,13,5,1,2,1,5,19,25,5.0,1.0
1642269,439,Devin Carter,1610612758,SAC,3,44,6,18,0.333,2,10,0.2,4,6,0.667,3,13,16,7,1,2,2,4,18,28,3.5,0.5
1631246,440,Vince Williams Jr.,1610612763,MEM,3,45,7,19,0.368,1,8,0.125,1,4,0.25,4,7,11,9,0,2,7,9,16,16,1.29,0.0
1641745,441,Adam Flagler,1610612760,OKC,11,40,5,20,0.25,5,19,0.263,0,0,0.0,2,4,6,0,2,0,0,4,15,8,0.0,0.0
1630604,441,E.J. Liddell,1610612741,CHI,6,31,5,8,0.625,3,6,0.5,2,2,1.0,1,4,5,3,1,1,2,8,15,20,1.5,0.5
1630346,441,Matt Ryan,1610612752,NYK,12,50,6,21,0.286,3,14,0.214,0,0,0.0,0,3,3,0,1,0,3,1,15,1,0.0,0.33
1626158,441,Richaun Holmes,1610612764,WAS,6,53,6,14,0.429,0,1,0.0,3,3,1.0,6,13,19,1,0,4,2,5,15,29,0.5,0.0
1631321,441,Sidy Cissoko,1610612759,SAS,13,41,6,13,0.462,3,6,0.5,0,4,0.0,2,6,8,6,0,0,1,5,15,17,6.0,0.0
1630545,441,Terrence Shannon Jr.,1610612750,MIN,10,45,7,13,0.538,1,3,0.333,0,0,0.0,0,2,2,5,2,1,3,1,15,16,1.67,0.67
1630658,447,Colin Castleton,1610612763,MEM,10,46,2,10,0.2,0,4,0.0,10,11,0.909,3,6,9,0,1,1,1,6,14,15,0.0,1.0
1642352,447,Keshad Johnson,1610612748,MIA,6,46,6,10,0.6,1,4,0.25,1,4,0.25,1,12,13,2,1,4,2,4,14,25,1.0,0.5
1641707,447,Taylor Hendricks,1610612762,UTA,3,75,4,18,0.222,3,12,0.25,3,4,0.75,5,10,15,2,5,4,2,8,14,23,1.0,2.5
1642422,450,Armel Traoré,1610612747,LAL,8,61,5,18,0.278,0,7,0.0,2,7,0.286,1,13,14,1,4,2,2,6,12,13,0.5,2.0
202693,451,Markieff Morris,1610612742,DAL,5,25,4,14,0.286,2,7,0.286,0,0,0.0,0,6,6,3,0,1,2,1,10,8,1.5,0.0
1630639,452,A.J. Lawson,1610612761,TOR,3,14,3,7,0.429,2,5,0.4,1,2,0.5,1,2,3,0,0,0,0,0,9,7,0.0,0.0
1631311,452,Lester Quinones,1610612755,PHI,4,17,4,8,0.5,0,3,0.0,1,1,1.0,3,1,4,1,0,0,4,0,9,6,0.25,0.0
1642280,452,Trentyn Flowers,1610612746,LAC,1,14,4,9,0.444,0,2,0.0,1,1,1.0,1,3,4,0,0,0,1,3,9,7,0.0,0.0
1641725,452,Trey Alexander,1610612743,DEN,12,53,3,14,0.214,1,7,0.143,2,2,1.0,0,2,2,5,0,1,1,3,9,5,5.0,0.0
1628427,452,Vlatko Čančar,1610612743,DEN,4,34,4,7,0.571,1,2,0.5,0,0,0.0,3,5,8,0,0,1,2,4,9,13,0.0,0.0
1641766,457,Adama Sanogo,1610612741,CHI,4,22,4,7,0.571,0,0,0.0,0,0,0.0,5,1,6,1,0,0,1,1,8,11,1.0,0.0
1629098,457,Jack McVeigh,1610612745,HOU,6,21,3,11,0.273,2,8,0.25,0,0,0.0,1,3,4,1,0,1,1,1,8,5,1.0,0.0
201949,457,James Johnson,1610612754,IND,6,23,4,7,0.571,0,1,0.0,0,1,0.0,0,4,4,3,0,2,4,3,8,9,0.75,0.0
1631255,457,Karlo Matković,1610612740,NOP,6,45,4,8,0.5,0,1,0.0,0,0,0.0,7,7,14,1,4,3,4,4,8,22,0.25,1.0
1631247,457,Luke Travers,1610612739,CLE,6,42,3,7,0.429,0,3,0.0,2,2,1.0,1,5,6,5,1,1,2,3,8,15,2.5,0.5
1631102,457,TyTy Washington Jr.,1610612756,PHX,4,28,3,6,0.5,2,3,0.667,0,0,0.0,0,1,1,4,2,0,1,0,8,11,4.0,2.0
1642358,463,AJ Johnson,1610612749,MIL,5,11,3,6,0.5,1,1,1.0,0,0,0.0,0,2,2,1,0,0,2,0,7,5,0.5,0.0
202066,463,Garrett Temple,1610612761,TOR,12,51,2,10,0.2,1,5,0.2,2,2,1.0,1,8,9,9,5,1,4,6,7,19,2.25,1.25
1641721,463,Maxwell Lewis,1610612751,BKN,8,30,3,7,0.429,1,1,1.0,0,0,0.0,2,0,2,2,1,0,2,1,7,6,1.0,0.5
1631466,463,Nate Williams,1610612745,HOU,4,13,3,5,0.6,1,3,0.333,0,0,0.0,0,3,3,0,1,1,1,0,7,9,0.0,1.0
1628408,463,PJ Dozier,1610612750,MIN,9,35,2,3,0.667,2,3,0.667,1,6,0.167,1,4,5,5,1,0,1,3,7,11,5.0,1.0
1631230,468,Dominick Barlow,1610612737,ATL,7,30,2,7,0.286,1,2,0.5,1,2,0.5,0,4,4,1,1,0,0,2,6,6,0.0,0.0
1631120,468,JD Davison,1610612738,BOS,5,24,2,5,0.4,1,3,0.333,1,2,0.5,0,2,2,1,1,0,6,1,6,0,0.17,0.17
1630164,468,James Wiseman,1610612754,IND,1,5,2,4,0.5,0,1,0.0,2,2,1.0,0,1,1,0,0,0,0,0,6,5,0.0,0.0
1641857,468,Liam Robbins,1610612749,MIL,9,42,2,6,0.333,0,1,0.0,2,6,0.333,5,5,10,2,1,1,3,5,6,9,0.67,0.33
1630649,468,Stanley Umude,1610612749,MIL,10,34,2,6,0.333,2,5,0.4,0,2,0.0,1,8,9,2,2,1,0,3,6,14,0.0,0.0
1631386,468,Tazé Moore,1610612757,POR,2,20,2,10,0.2,1,4,0.25,1,2,0.5,4,4,8,1,2,0,2,0,6,6,0.5,1.0
1631214,474,Alondes Williams,1610612765,DET,1,4,2,2,1.0,1,1,1.0,0,0,0.0,0,0,0,1,0,0,0,0,5,6,0.0,0.0
1642353,474,Cam Christie,1610612746,LAC,1,18,2,7,0.286,1,4,0.25,0,0,0.0,1,2,3,0,2,0,1,0,5,4,0.0,2.0
1630528,474,Josh Christopher,1610612748,MIA,4,18,2,3,0.667,0,1,0.0,1,2,0.5,0,2,2,3,0,1,4,1,5,5,0.75,0.0
1631248,477,Baylor Scheierman,1610612738,BOS,5,34,1,10,0.1,0,6,0.0,2,2,1.0,2,5,7,2,1,0,0,3,4,5,0.0,0.0
1642382,477,Branden Carlson,1610612760,OKC,7,25,1,8,0.125,0,6,0.0,2,2,1.0,3,6,9,3,1,1,1,1,4,10,3.0,1.0
1642355,477,Bronny James,1610612747,LAL,9,22,1,9,0.111,0,4,0.0,2,2,1.0,1,0,1,3,1,1,0,2,4,2,0.0,0.0
1641720,477,Jalen Hood-Schifino,1610612747,LAL,2,14,1,1,1.0,0,0,0.0,2,2,1.0,1,0,1,1,0,1,1,3,4,6,1.0,0.0
1631197,477,Jared Rhoden,1610612766,CHA,4,12,2,8,0.25,0,2,0.0,0,0,0.0,2,2,4,2,1,0,1,1,4,4,2.0,1.0
1641790,477,PJ Hall,1610612743,DEN,6,14,2,5,0.4,0,2,0.0,0,0,0.0,0,3,3,0,0,1,0,1,4,5,0.0,0.0
1642279,477,Ulrich Chomche,1610612761,TOR,5,19,2,3,0.667,0,0,0.0,0,0,0.0,2,2,4,1,0,0,2,4,4,6,0.5,0.0
1631221,484,Collin Gillespie,1610612756,PHX,1,3,1,2,0.5,1,1,1.0,0,0,0.0,0,0,0,0,0,0,0,0,3,2,0.0,0.0
1642385,484,Cui Yongxi,1610612751,BKN,5,10,1,7,0.143,0,3,0.0,1,2,0.5,0,2,2,0,0,0,0,0,3,-2,0.0,0.0
1630618,484,D.J. Carton,1610612761,TOR,4,33,1,7,0.143,0,3,0.0,1,1,1.0,0,4,4,3,2,0,4,1,3,2,0.75,0.5
1630561,484,David Duke Jr.,1610612759,SAS,1,8,1,4,0.25,0,1,0.0,1,2,0.5,0,0,0,2,0,0,0,1,3,1,0.0,0.0
1641798,484,Jaylen Martin,1610612751,BKN,3,5,1,2,0.5,1,1,1.0,0,0,0.0,0,0,0,0,0,0,0,1,3,2,0.0,0.0
1631131,484,Oscar Tshiebwe,1610612762,UTA,1,16,0,0,0.0,0,0,0.0,3,4,0.75,3,6,9,0,2,0,1,3,3,12,0.0,2.0
1631250,484,Pete Nance,1610612755,PHI,1,3,1,1,1.0,1,1,1.0,0,0,0.0,0,1,1,0,0,0,0,3,3,4,0.0,0.0
1642439,484,Quincy Olivari,1610612747,LAL,1,8,1,3,0.333,1,3,0.333,0,0,0.0,0,0,0,0,0,0,1,0,3,0,0.0,0.0
1641803,484,Tristen Newton,1610612750,MIN,5,8,1,6,0.167,0,3,0.0,1,1,1.0,0,0,0,1,0,0,1,2,3,-2,1.0,0.0
1642024,493,Alex Reese,1610612760,OKC,1,2,1,1,1.0,0,0,0.0,0,0,0.0,1,0,1,0,0,0,0,0,2,3,0.0,0.0
1631121,493,Bryce McGowens,1610612757,POR,2,7,1,2,0.5,0,1,0.0,0,0,0.0,1,0,1,1,0,0,0,0,2,3,0.0,0.0
1641753,493,Chris Livingston,1610612749,MIL,3,6,1,2,0.5,0,0,0.0,0,0,0.0,1,1,2,1,1,0,1,0,2,4,1.0,1.0
1631210,493,Jacob Toppin,1610612752,NYK,11,28,1,5,0.2,0,2,0.0,0,0,0.0,1,4,5,4,0,0,1,1,2,6,4.0,0.0
1631159,493,Leonard Miller,1610612750,MIN,2,5,0,2,0.0,0,1,0.0,2,2,1.0,1,1,2,0,1,0,0,1,2,3,0.0,0.0
1642502,493,Malevy Leons,1610612760,OKC,6,21,0,2,0.0,0,1,0.0,2,4,0.5,1,2,3,1,0,0,1,4,2,1,1.0,0.0
1631243,493,Mouhamed Gueye,1610612737,ATL,2,11,1,4,0.25,0,2,0.0,0,0,0.0,0,2,2,0,0,0,1,0,2,0,0.0,0.0
1642366,493,Quinten Post,1610612744,GSW,2,5,1,3,0.333,0,2,0.0,0,0,0.0,1,0,1,1,0,0,0,0,2,2,0.0,0.0
1642461,493,Spencer Jones,1610612743,DEN,5,13,1,4,0.25,0,3,0.0,0,0,0.0,0,3,3,0,2,0,1,1,2,3,0.0,2.0
1641774,493,Tristan Vukcevic,1610612764,WAS,3,7,1,4,0.25,0,3,0.0,0,0,0.0,1,0,1,0,0,1,0,1,2,1,0.0,0.0
1630227,503,Daishen Nix,1610612750,MIN,3,13,0,1,0.0,0,1,0.0,1,2,0.5,0,4,4,3,0,0,4,1,1,2,0.75,0.0
1641779,503,Jalen Bridges,1610612756,PHX,4,17,0,3,0.0,0,3,0.0,1,2,0.5,0,3,3,0,0,0,2,0,1,-2,0.0,0.0
1642505,505,Alex Ducas,1610612760,OKC,4,7,0,3,0.0,0,2,0.0,0,0,0.0,0,0,0,0,0,0,0,0,0,-3,0.0,0.0
1641752,505,Bobi Klintman,1610612765,DET,1,4,0,0,0.0,0,0,0.0,0,0,0.0,0,2,2,0,0,0,0,2,0,2,0.0,0.0
1631306,505,Cole Swider,1610612765,DET,2,13,0,5,0.0,0,5,0.0,0,0,0.0,0,2,2,1,0,0,0,1,0,-2,0.0,0.0
1642450,505,Daniss Jenkins,1610612765,DET,3,8,0,4,0.0,0,4,0.0,0,0,0.0,0,0,0,0,0,0,1,1,0,-5,0.0,0.0
1631127,505,Harrison Ingram,1610612759,SAS,1,7,0,1,0.0,0,0,0.0,0,0,0.0,0,1,1,0,0,0,0,1,0,0,0.0,0.0
1642384,505,Isaiah Crawford,1610612758,SAC,2,7,0,0,0.0,0,0,0.0,0,0,0.0,0,1,1,0,0,0,0,1,0,1,0.0,0.0
1641740,505,Jaylen Clark,1610612750,MIN,1,3,0,1,0.0,0,1,0.0,0,0,0.0,0,0,0,0,0,0,0,1,0,-1,0.0,0.0
204060,505,Joe Ingles,1610612750,MIN,8,26,0,2,0.0,0,2,0.0,0,0,0.0,2,0,2,9,0,0,1,5,0,8,9.0,0.0
1631303,505,Justin Minaya,1610612757,POR,1,6,0,0,0.0,0,0,0.0,0,0,0.0,0,1,1,0,0,0,0,1,0,1,0.0,0.0
1630556,505,Kessler Edwards,1610612742,DAL,12,26,0,6,0.0,0,4,0.0,0,0,0.0,0,2,2,1,0,1,1,4,0,-3,1.0,0.0
1630644,505,Mac McClung,1610612753,ORL,1,5,0,0,0.0,0,0,0.0,0,0,0.0,0,1,1,2,0,0,0,0,0,3,0.0,0.0
1630222,505,Mason Jones,1610612758,SAC,3,13,0,2,0.0,0,2,0.0,0,0,0.0,1,3,4,7,0,0,0,1,0,9,0.0,0.0
1642434,505,Riley Minix,1610612759,SAS,1,7,0,1,0.0,0,1,0.0,0,0,0.0,0,2,2,0,0,0,0,0,0,1,0.0,0.0
