player_id,season_id,league_id,team_id,team_abbreviation,player_age,gp,gs,min,fgm,fga,fg_pct,fg3m,fg3a,fg3_pct,ftm,fta,ft_pct,oreb,dreb,reb,ast,stl,blk,tov,pf,pts,player_name
76001,1990-91,00,1610612757,POR,23.0,43,0,290.0,55,116,0.474,0.0,0.0,0.0,25,44,0.568,27.0,62.0,89.0,12,4.0,12.0,22.0,39,135,Alaa Abdelnaby
76001,1991-92,00,1610612757,POR,24.0,71,1,934.0,178,361,0.493,0.0,0.0,0.0,76,101,0.752,81.0,179.0,260.0,30,25.0,16.0,66.0,132,432,Alaa Abdelnaby
76001,1992-93,00,1610612749,MIL,25.0,12,0,159.0,26,56,0.464,0.0,1.0,0.0,12,16,0.75,12.0,25.0,37.0,10,6.0,4.0,13.0,24,64,Alaa Abdelnaby
76001,1992-93,00,1610612738,BOS,25.0,63,52,1152.0,219,417,0.525,0.0,0.0,0.0,76,100,0.76,114.0,186.0,300.0,17,19.0,22.0,84.0,165,514,Alaa Abdelnaby
76001,1992-93,00,0,TOT,25.0,75,52,1311.0,245,473,0.518,0.0,1.0,0.0,88,116,0.759,126.0,211.0,337.0,27,25.0,26.0,97.0,189,578,Alaa Abdelnaby
76001,1993-94,00,1610612738,BOS,26.0,13,0,159.0,24,55,0.436,0.0,0.0,0.0,16,25,0.64,12.0,34.0,46.0,3,2.0,3.0,17.0,20,64,Alaa Abdelnaby
76001,1994-95,00,1610612758,SAC,27.0,51,0,476.0,117,220,0.532,0.0,2.0,0.0,20,35,0.571,34.0,72.0,106.0,13,15.0,12.0,40.0,102,254,Alaa Abdelnaby
76001,1994-95,00,1610612755,PHL,27.0,3,0,30.0,1,11,0.091,0.0,0.0,0.0,0,0,0.0,3.0,5.0,8.0,0,0.0,0.0,5.0,2,2,Alaa Abdelnaby
76001,1994-95,00,0,TOT,27.0,54,0,506.0,118,231,0.511,0.0,2.0,0.0,20,35,0.571,37.0,77.0,114.0,13,15.0,12.0,45.0,104,256,Alaa Abdelnaby
76002,1968-69,00,1610612749,MIL,23.0,29,,837.0,126,347,0.363,,,,68,106,0.642,,,378.0,33,,,,98,320,Zaid Abdul-Aziz
76002,1968-69,00,1610612758,CIN,23.0,20,,108.0,18,43,0.419,,,,2,7,0.286,,,31.0,4,,,,17,38,Zaid Abdul-Aziz
76002,1968-69,00,0,TOT,23.0,49,,945.0,144,390,0.369,,,,70,113,0.619,,,409.0,37,,,,115,358,Zaid Abdul-Aziz
76002,1969-70,00,1610612749,MIL,24.0,80,,1637.0,237,546,0.434,,,,119,185,0.643,,,603.0,62,,,,167,593,Zaid Abdul-Aziz
76002,1970-71,00,1610612760,SEA,25.0,61,,1276.0,263,597,0.441,,,,139,188,0.739,,,468.0,42,,,,118,665,Zaid Abdul-Aziz
76002,1971-72,00,1610612760,SEA,26.0,58,,1780.0,322,751,0.429,,,,154,214,0.72,,,654.0,124,,,,178,798,Zaid Abdul-Aziz
76002,1972-73,00,1610612745,HOU,27.0,48,,900.0,149,375,0.397,,,,119,162,0.735,,,304.0,53,,,,108,417,Zaid Abdul-Aziz
76002,1973-74,00,1610612745,HOU,28.0,79,,2459.0,336,732,0.459,,,,193,240,0.804,259.0,664.0,923.0,166,80.0,104.0,,227,865,Zaid Abdul-Aziz
76002,1974-75,00,1610612745,HOU,29.0,65,,1450.0,235,538,0.437,,,,159,203,0.783,154.0,334.0,488.0,84,37.0,74.0,,128,629,Zaid Abdul-Aziz
76002,1975-76,00,1610612760,SEA,30.0,27,,223.0,35,75,0.467,,,,16,29,0.552,30.0,46.0,76.0,16,8.0,15.0,,29,86,Zaid Abdul-Aziz
76002,1976-77,00,1610612746,BUF,31.0,22,,195.0,25,74,0.338,,,,33,43,0.767,41.0,49.0,90.0,7,3.0,9.0,,21,83,Zaid Abdul-Aziz
76002,1977-78,00,1610612745,HOU,32.0,14,,134.0,20,47,0.426,,,,15,20,0.75,13.0,22.0,35.0,7,2.0,2.0,8.0,25,55,Zaid Abdul-Aziz
76002,1977-78,00,1610612738,BOS,32.0,2,,24.0,3,13,0.231,,,,2,3,0.667,6.0,9.0,15.0,3,1.0,1.0,3.0,4,8,Zaid Abdul-Aziz
76002,1977-78,00,0,TOT,32.0,16,,158.0,23,60,0.383,,,,17,23,0.739,19.0,31.0,50.0,10,3.0,3.0,11.0,29,63,Zaid Abdul-Aziz
76003,1969-70,00,1610612749,MIL,23.0,82,0,3534.0,938,1810,0.518,,,,485,743,0.653,,,1190.0,337,,,,283,2361,Kareem Abdul-Jabbar
76003,1970-71,00,1610612749,MIL,24.0,82,82,3288.0,1063,1843,0.577,,,,470,681,0.69,,,1311.0,272,,,,264,2596,Kareem Abdul-Jabbar
76003,1971-72,00,1610612749,MIL,25.0,81,81,3583.0,1159,2019,0.574,,,,504,732,0.689,,,1346.0,370,,,,235,2822,Kareem Abdul-Jabbar
76003,1972-73,00,1610612749,MIL,26.0,76,76,3254.0,982,1772,0.554,,,,328,460,0.713,,,1224.0,379,,,,208,2292,Kareem Abdul-Jabbar
76003,1973-74,00,1610612749,MIL,27.0,81,81,3548.0,948,1759,0.539,,,,295,420,0.702,287.0,891.0,1178.0,386,112.0,283.0,,238,2191,Kareem Abdul-Jabbar
76003,1974-75,00,1610612749,MIL,28.0,65,64,2747.0,812,1584,0.513,,,,325,426,0.763,194.0,718.0,912.0,264,65.0,212.0,,205,1949,Kareem Abdul-Jabbar
76003,1975-76,00,1610612747,LAL,29.0,82,82,3379.0,914,1728,0.529,,,,447,636,0.703,272.0,1111.0,1383.0,413,119.0,338.0,,292,2275,Kareem Abdul-Jabbar
76003,1976-77,00,1610612747,LAL,30.0,82,82,3016.0,888,1533,0.579,,,,376,536,0.701,266.0,824.0,1090.0,319,101.0,261.0,,262,2152,Kareem Abdul-Jabbar
76003,1977-78,00,1610612747,LAL,31.0,62,62,2265.0,663,1205,0.55,,,,274,350,0.783,186.0,615.0,801.0,269,103.0,185.0,208.0,182,1600,Kareem Abdul-Jabbar
76003,1978-79,00,1610612747,LAL,32.0,80,80,3157.0,777,1347,0.577,,,,349,474,0.736,207.0,818.0,1025.0,431,76.0,316.0,282.0,230,1903,Kareem Abdul-Jabbar
76003,1979-80,00,1610612747,LAL,33.0,82,81,3143.0,835,1383,0.604,0.0,1.0,0.0,364,476,0.765,190.0,696.0,886.0,371,81.0,280.0,297.0,216,2034,Kareem Abdul-Jabbar
76003,1980-81,00,1610612747,LAL,34.0,80,80,2976.0,836,1457,0.574,0.0,1.0,0.0,423,552,0.766,197.0,624.0,821.0,272,59.0,228.0,249.0,244,2095,Kareem Abdul-Jabbar
76003,1981-82,00,1610612747,LAL,35.0,76,76,2677.0,753,1301,0.579,0.0,3.0,0.0,312,442,0.706,172.0,487.0,659.0,225,63.0,207.0,230.0,224,1818,Kareem Abdul-Jabbar
76003,1982-83,00,1610612747,LAL,36.0,79,79,2554.0,722,1228,0.588,0.0,2.0,0.0,278,371,0.749,167.0,425.0,592.0,200,61.0,170.0,200.0,220,1722,Kareem Abdul-Jabbar
76003,1983-84,00,1610612747,LAL,37.0,80,80,2622.0,716,1238,0.578,0.0,1.0,0.0,285,394,0.723,169.0,418.0,587.0,211,55.0,143.0,221.0,211,1717,Kareem Abdul-Jabbar
76003,1984-85,00,1610612747,LAL,38.0,79,79,2630.0,723,1207,0.599,0.0,1.0,0.0,289,395,0.732,162.0,460.0,622.0,249,63.0,162.0,197.0,238,1735,Kareem Abdul-Jabbar
76003,1985-86,00,1610612747,LAL,39.0,79,79,2629.0,755,1338,0.564,0.0,2.0,0.0,336,439,0.765,133.0,345.0,478.0,280,67.0,130.0,203.0,248,1846,Kareem Abdul-Jabbar
76003,1986-87,00,1610612747,LAL,40.0,78,78,2441.0,560,993,0.564,1.0,3.0,0.333,245,343,0.714,152.0,371.0,523.0,203,49.0,97.0,186.0,245,1366,Kareem Abdul-Jabbar
76003,1987-88,00,1610612747,LAL,41.0,80,80,2308.0,480,903,0.532,0.0,1.0,0.0,205,269,0.762,118.0,360.0,478.0,135,48.0,92.0,159.0,216,1165,Kareem Abdul-Jabbar
76003,1988-89,00,1610612747,LAL,42.0,74,74,1695.0,313,659,0.475,0.0,3.0,0.0,122,165,0.739,103.0,231.0,334.0,74,38.0,85.0,95.0,196,748,Kareem Abdul-Jabbar
51,1990-91,00,1610612743,DEN,22.0,67,19,1505.0,417,1009,0.413,24.0,100.0,0.24,84,98,0.857,34.0,87.0,121.0,206,55.0,4.0,110.0,149,942,Mahmoud Abdul-Rauf
51,1991-92,00,1610612743,DEN,23.0,81,11,1538.0,356,845,0.421,31.0,94.0,0.33,94,108,0.87,22.0,92.0,114.0,192,44.0,4.0,117.0,130,837,Mahmoud Abdul-Rauf
51,1992-93,00,1610612743,DEN,24.0,81,81,2710.0,633,1407,0.45,70.0,197.0,0.355,217,232,0.935,51.0,174.0,225.0,344,84.0,8.0,187.0,179,1553,Mahmoud Abdul-Rauf
51,1993-94,00,1610612743,DEN,25.0,80,78,2617.0,588,1279,0.46,42.0,133.0,0.316,219,229,0.956,27.0,141.0,168.0,362,82.0,10.0,151.0,150,1437,Mahmoud Abdul-Rauf
51,1994-95,00,1610612743,DEN,26.0,73,43,2082.0,472,1005,0.47,83.0,215.0,0.386,138,156,0.885,32.0,105.0,137.0,263,77.0,9.0,119.0,126,1165,Mahmoud Abdul-Rauf
51,1995-96,00,1610612743,DEN,27.0,57,53,2029.0,414,955,0.434,121.0,309.0,0.392,146,157,0.93,26.0,112.0,138.0,389,64.0,3.0,115.0,117,1095,Mahmoud Abdul-Rauf
51,1996-97,00,1610612758,SAC,28.0,75,51,2131.0,411,924,0.445,94.0,246.0,0.382,115,136,0.846,16.0,106.0,122.0,189,56.0,6.0,119.0,174,1031,Mahmoud Abdul-Rauf
51,1997-98,00,1610612758,SAC,29.0,31,0,530.0,103,273,0.377,5.0,31.0,0.161,16,16,1.0,6.0,31.0,37.0,58,16.0,1.0,19.0,31,227,Mahmoud Abdul-Rauf
51,2000-01,00,1610612763,VAN,32.0,41,0,485.0,120,246,0.488,4.0,14.0,0.286,22,29,0.759,5.0,20.0,25.0,76,9.0,1.0,26.0,50,266,Mahmoud Abdul-Rauf
1505,1997-98,00,1610612758,SAC,23.0,59,16,959.0,144,357,0.403,4.0,19.0,0.211,84,125,0.672,44.0,72.0,116.0,51,35.0,13.0,65.0,81,376,Tariq Abdul-Wahad
1505,1998-99,00,1610612758,SAC,24.0,49,49,1205.0,177,407,0.435,6.0,21.0,0.286,94,136,0.691,72.0,114.0,186.0,50,50.0,16.0,70.0,121,454,Tariq Abdul-Wahad
1505,1999-00,00,1610612753,ORL,25.0,46,46,1205.0,223,515,0.433,2.0,21.0,0.095,115,151,0.762,77.0,162.0,239.0,72,53.0,16.0,87.0,116,563,Tariq Abdul-Wahad
1505,1999-00,00,1610612743,DEN,25.0,15,10,373.0,51,131,0.389,1.0,2.0,0.5,31,42,0.738,24.0,28.0,52.0,26,6.0,12.0,19.0,31,134,Tariq Abdul-Wahad
1505,1999-00,00,0,TOT,25.0,61,56,1578.0,274,646,0.424,3.0,23.0,0.13,146,193,0.756,101.0,190.0,291.0,98,59.0,28.0,106.0,147,697,Tariq Abdul-Wahad
1505,2000-01,00,1610612743,DEN,26.0,29,12,421.0,43,111,0.387,4.0,10.0,0.4,21,36,0.583,14.0,45.0,59.0,22,14.0,13.0,34.0,54,111,Tariq Abdul-Wahad
1505,2001-02,00,1610612743,DEN,27.0,20,12,419.0,55,145,0.379,1.0,2.0,0.5,24,32,0.75,39.0,39.0,78.0,22,18.0,9.0,24.0,51,135,Tariq Abdul-Wahad
1505,2001-02,00,1610612742,DAL,27.0,4,0,24.0,0,2,0.0,0.0,0.0,0.0,0,1,0.0,2.0,4.0,6.0,2,2.0,1.0,3.0,5,0,Tariq Abdul-Wahad
1505,2001-02,00,0,TOT,27.0,24,12,442.0,55,147,0.374,1.0,2.0,0.5,24,33,0.727,41.0,43.0,84.0,24,20.0,10.0,27.0,56,135,Tariq Abdul-Wahad
1505,2002-03,00,1610612742,DAL,28.0,14,0,204.0,27,58,0.466,0.0,1.0,0.0,3,6,0.5,14.0,26.0,40.0,21,6.0,3.0,7.0,26,57,Tariq Abdul-Wahad
949,1996-97,00,1610612763,VAN,20.0,80,71,2804.0,550,1214,0.453,7.0,27.0,0.259,387,519,0.746,216.0,339.0,555.0,175,79.0,79.0,225.0,199,1494,Shareef Abdur-Rahim
949,1997-98,00,1610612763,VAN,21.0,82,82,2950.0,653,1347,0.485,21.0,51.0,0.412,502,640,0.784,227.0,354.0,581.0,213,89.0,76.0,257.0,201,1829,Shareef Abdur-Rahim
949,1998-99,00,1610612763,VAN,22.0,50,50,2021.0,386,893,0.432,11.0,36.0,0.306,369,439,0.841,114.0,260.0,374.0,172,69.0,55.0,186.0,137,1152,Shareef Abdur-Rahim
949,1999-00,00,1610612763,VAN,23.0,82,82,3223.0,594,1277,0.465,29.0,96.0,0.302,446,551,0.809,218.0,607.0,825.0,271,89.0,87.0,249.0,244,1663,Shareef Abdur-Rahim
949,2000-01,00,1610612763,VAN,24.0,81,81,3241.0,604,1280,0.472,12.0,64.0,0.188,443,531,0.834,175.0,560.0,735.0,250,90.0,77.0,231.0,238,1663,Shareef Abdur-Rahim
949,2001-02,00,1610612737,ATL,25.0,77,77,2978.0,598,1297,0.461,21.0,70.0,0.3,419,523,0.801,198.0,498.0,696.0,239,98.0,81.0,250.0,214,1636,Shareef Abdur-Rahim
949,2002-03,00,1610612737,ATL,26.0,81,81,3087.0,566,1183,0.478,21.0,60.0,0.35,455,541,0.841,175.0,502.0,677.0,242,87.0,38.0,212.0,240,1608,Shareef Abdur-Rahim
949,2003-04,00,1610612737,ATL,27.0,53,53,1955.0,383,790,0.485,5.0,23.0,0.217,294,334,0.88,141.0,354.0,495.0,127,44.0,19.0,131.0,147,1065,Shareef Abdur-Rahim
949,2003-04,00,1610612757,POR,27.0,32,3,729.0,118,264,0.447,4.0,11.0,0.364,79,95,0.832,48.0,96.0,144.0,47,24.0,18.0,53.0,75,319,Shareef Abdur-Rahim
949,2003-04,00,0,TOT,27.0,85,56,2684.0,501,1054,0.475,9.0,34.0,0.265,373,429,0.869,189.0,450.0,639.0,174,68.0,37.0,184.0,222,1384,Shareef Abdur-Rahim
949,2004-05,00,1610612757,POR,28.0,54,49,1868.0,337,670,0.503,15.0,39.0,0.385,220,254,0.866,123.0,269.0,392.0,111,49.0,26.0,117.0,150,909,Shareef Abdur-Rahim
949,2005-06,00,1610612758,SAC,29.0,72,30,1961.0,332,632,0.525,5.0,22.0,0.227,218,278,0.784,106.0,251.0,357.0,149,48.0,42.0,108.0,227,887,Shareef Abdur-Rahim
949,2006-07,00,1610612758,SAC,30.0,80,45,2015.0,310,654,0.474,3.0,20.0,0.15,170,234,0.726,122.0,276.0,398.0,109,53.0,40.0,116.0,243,793,Shareef Abdur-Rahim
949,2007-08,00,1610612758,SAC,31.0,6,0,51.0,3,14,0.214,0.0,0.0,0.0,4,4,1.0,6.0,4.0,10.0,4,1.0,0.0,1.0,9,10,Shareef Abdur-Rahim
76005,1976-77,00,1610612747,LAL,23.0,70,0,1378.0,169,349,0.484,,,,101,134,0.754,113.0,178.0,291.0,98,49.0,10.0,,118,439,Tom Abernethy
76005,1977-78,00,1610612747,LAL,24.0,73,3,1317.0,201,404,0.498,,,,91,111,0.82,105.0,160.0,265.0,101,55.0,22.0,50.0,122,493,Tom Abernethy
76005,1978-79,00,1610612744,GOS,25.0,70,25,1219.0,176,342,0.515,,,,70,94,0.745,74.0,142.0,216.0,79,39.0,13.0,32.0,133,422,Tom Abernethy
76005,1979-80,00,1610612744,GOS,26.0,67,12,1222.0,153,318,0.481,0.0,1.0,0.0,56,82,0.683,62.0,129.0,191.0,87,35.0,12.0,39.0,118,362,Tom Abernethy
76005,1980-81,00,1610612744,GOS,27.0,10,0,39.0,1,3,0.333,0.0,0.0,0.0,2,3,0.667,1.0,7.0,8.0,1,1.0,0.0,2.0,5,4,Tom Abernethy
76005,1980-81,00,1610612754,IND,27.0,29,0,259.0,24,56,0.429,0.0,1.0,0.0,11,19,0.579,19.0,21.0,40.0,18,6.0,3.0,6.0,29,59,Tom Abernethy
76005,1980-81,00,0,TOT,27.0,39,0,298.0,25,59,0.424,0.0,1.0,0.0,13,22,0.591,20.0,28.0,48.0,19,7.0,3.0,8.0,34,63,Tom Abernethy
76006,1956-57,00,1610612755,SYR,24.0,1,,1.0,0,2,0.0,,,,0,0,,,,1.0,1,,,,1,0,Forest Able
76007,1946-47,00,1610610031,PIT,28.0,47,,,202,834,0.242,,,,123,178,0.691,,,,35,,,,161,527,John Abramovic
76007,1947-48,00,1610610034,BOM,29.0,4,,0.0,1,10,0.1,,,,2,4,0.5,,,0.0,1,,,,5,4,John Abramovic
76007,1947-48,00,1610610024,BAL,29.0,5,,0.0,0,11,0.0,,,,2,3,0.667,,,0.0,1,,,,5,2,John Abramovic
76007,1947-48,00,0,TOT,29.0,9,,,1,21,0.048,,,,4,7,0.571,,,,2,,,,10,6,John Abramovic
203518,2016-17,00,1610612760,OKC,23.0,68,6,1055.0,134,341,0.393,94.0,247.0,0.381,44,49,0.898,18.0,68.0,86.0,40,37.0,8.0,33.0,114,406,Alex Abrines
203518,2017-18,00,1610612760,OKC,24.0,75,8,1134.0,115,291,0.395,84.0,221.0,0.38,39,46,0.848,26.0,88.0,114.0,28,38.0,8.0,25.0,124,353,Alex Abrines
203518,2018-19,00,1610612760,OKC,25.0,31,2,588.0,56,157,0.357,41.0,127.0,0.323,12,13,0.923,5.0,43.0,48.0,20,17.0,6.0,14.0,53,165,Alex Abrines
1630173,2020-21,00,1610612748,MIA,21.0,61,4,737.0,124,228,0.544,0.0,1.0,0.0,56,110,0.509,73.0,135.0,208.0,29,20.0,28.0,43.0,91,304,Precious Achiuwa
1630173,2021-22,00,1610612761,TOR,22.0,73,28,1725.0,265,603,0.439,56.0,156.0,0.359,78,131,0.595,146.0,327.0,473.0,82,37.0,41.0,84.0,151,664,Precious Achiuwa
1630173,2022-23,00,1610612761,TOR,23.0,55,12,1141.0,196,404,0.485,29.0,108.0,0.269,87,124,0.702,100.0,228.0,328.0,50,31.0,30.0,59.0,102,508,Precious Achiuwa
1630173,2023-24,00,1610612761,TOR,24.0,25,0,437.0,78,170,0.459,13.0,47.0,0.277,24,42,0.571,50.0,86.0,136.0,44,16.0,12.0,29.0,40,193,Precious Achiuwa
1630173,2023-24,00,1610612752,NYK,24.0,49,18,1187.0,157,299,0.525,13.0,50.0,0.26,45,70,0.643,141.0,210.0,351.0,53,30.0,56.0,54.0,103,372,Precious Achiuwa
1630173,2023-24,00,0,TOT,24.0,74,18,1624.0,235,469,0.501,26.0,97.0,0.268,69,112,0.616,191.0,296.0,487.0,97,46.0,68.0,83.0,143,565,Precious Achiuwa
1630173,2024-25,00,1610612752,NYK,25.0,17,1,319.0,40,76,0.526,5.0,14.0,0.357,11,21,0.524,31.0,69.0,100.0,16,10.0,12.0,16.0,22,96,Precious Achiuwa
101165,2005-06,00,1610612765,DET,23.0,5,0,35.0,4,16,0.25,1.0,5.0,0.2,0,0,0.0,1.0,4.0,5.0,4,1.0,0.0,4.0,4,9,Alex Acker
101165,2008-09,00,1610612765,DET,26.0,7,0,20.0,4,11,0.364,0.0,4.0,0.0,1,2,0.5,0.0,2.0,2.0,1,2.0,1.0,0.0,0,9,Alex Acker
101165,2008-09,00,1610612746,LAC,26.0,18,0,179.0,26,65,0.4,7.0,16.0,0.438,4,8,0.5,8.0,14.0,22.0,11,3.0,3.0,7.0,9,63,Alex Acker
101165,2008-09,00,0,TOT,26.0,25,0,200.0,30,76,0.395,7.0,20.0,0.35,5,10,0.5,8.0,16.0,24.0,12,5.0,4.0,7.0,9,72,Alex Acker
76008,1953-54,00,1610612752,NYK,23.0,28,,220.0,14,63,0.222,,,,15,28,0.536,,,15.0,23,,,,43,43,Donald Ackerman
76009,1987-88,00,1610612738,BOS,25.0,79,5,1151.0,108,203,0.532,0.0,0.0,0.0,71,111,0.64,105.0,165.0,270.0,42,29.0,27.0,54.0,198,287,Mark Acres
76009,1988-89,00,1610612738,BOS,26.0,62,0,632.0,55,114,0.482,1.0,1.0,1.0,26,48,0.542,59.0,87.0,146.0,19,19.0,6.0,23.0,94,137,Mark Acres
76009,1989-90,00,1610612753,ORL,27.0,80,50,1691.0,138,285,0.484,3.0,4.0,0.75,83,120,0.692,154.0,277.0,431.0,67,36.0,25.0,70.0,248,362,Mark Acres
76009,1990-91,00,1610612753,ORL,28.0,68,0,1313.0,109,214,0.509,1.0,3.0,0.333,66,101,0.653,140.0,219.0,359.0,25,25.0,25.0,42.0,218,285,Mark Acres
76009,1991-92,00,1610612753,ORL,29.0,68,6,926.0,78,151,0.517,1.0,3.0,0.333,51,67,0.761,97.0,155.0,252.0,22,25.0,15.0,33.0,140,208,Mark Acres
76009,1992-93,00,1610612745,HOU,30.0,6,0,23.0,2,9,0.222,1.0,2.0,0.5,1,2,0.5,2.0,4.0,6.0,0,0.0,0.0,2.0,2,6,Mark Acres
76009,1992-93,00,1610612764,WAS,30.0,12,7,246.0,24,40,0.6,0.0,0.0,0.0,10,14,0.714,24.0,37.0,61.0,5,3.0,6.0,11.0,32,58,Mark Acres
76009,1992-93,00,0,TOT,30.0,18,7,269.0,26,49,0.531,1.0,2.0,0.5,11,16,0.688,26.0,41.0,67.0,5,3.0,6.0,13.0,34,64,Mark Acres
76010,1967-68,00,1610612745,SDR,26.0,23,,195.0,29,74,0.392,,,,19,29,0.655,,,47.0,11,,,,35,77,Charles Acton
203112,2012-13,00,1610612761,TOR,22.0,29,0,342.0,42,75,0.56,1.0,2.0,0.5,31,38,0.816,30.0,47.0,77.0,11,13.0,15.0,17.0,53,116,Quincy Acy
203112,2013-14,00,1610612761,TOR,23.0,7,0,61.0,6,14,0.429,2.0,5.0,0.4,5,8,0.625,5.0,10.0,15.0,4,4.0,3.0,2.0,8,19,Quincy Acy
203112,2013-14,00,1610612758,SAC,23.0,56,0,786.0,60,127,0.472,2.0,10.0,0.2,30,45,0.667,67.0,134.0,201.0,24,19.0,23.0,28.0,114,152,Quincy Acy
203112,2013-14,00,0,TOT,23.0,63,0,848.0,66,141,0.468,4.0,15.0,0.267,35,53,0.66,72.0,144.0,216.0,28,23.0,26.0,30.0,122,171,Quincy Acy
203112,2014-15,00,1610612752,NYK,24.0,68,22,1287.0,152,331,0.459,18.0,60.0,0.3,76,97,0.784,79.0,222.0,301.0,68,27.0,22.0,60.0,147,398,Quincy Acy
203112,2015-16,00,1610612758,SAC,25.0,59,29,876.0,119,214,0.556,19.0,49.0,0.388,50,68,0.735,65.0,123.0,188.0,27,29.0,24.0,27.0,103,307,Quincy Acy
203112,2016-17,00,1610612742,DAL,26.0,6,0,48.0,5,17,0.294,1.0,7.0,0.143,2,3,0.667,2.0,6.0,8.0,0,0.0,0.0,2.0,9,13,Quincy Acy
203112,2016-17,00,1610612751,BKN,26.0,32,1,510.0,65,153,0.425,36.0,83.0,0.434,43,57,0.754,18.0,89.0,107.0,18,14.0,15.0,19.0,58,209,Quincy Acy
203112,2016-17,00,0,TOT,26.0,38,1,558.0,70,170,0.412,37.0,90.0,0.411,45,60,0.75,20.0,95.0,115.0,18,14.0,15.0,21.0,67,222,Quincy Acy
203112,2017-18,00,1610612751,BKN,27.0,70,8,1359.0,130,365,0.356,102.0,292.0,0.349,49,60,0.817,40.0,217.0,257.0,57,33.0,29.0,60.0,149,411,Quincy Acy
203112,2018-19,00,1610612756,PHX,28.0,10,0,123.0,4,18,0.222,2.0,15.0,0.133,7,10,0.7,3.0,22.0,25.0,8,1.0,4.0,4.0,24,17,Quincy Acy
76011,1975-76,00,1610612756,PHX,21.0,80,79,2656.0,629,1341,0.469,,,,261,355,0.735,215.0,512.0,727.0,450,121.0,116.0,,274,1519,Alvan Adams
76011,1976-77,00,1610612756,PHX,22.0,72,67,2278.0,522,1102,0.474,,,,252,334,0.754,180.0,472.0,652.0,322,95.0,87.0,,260,1296,Alvan Adams
76011,1977-78,00,1610612756,PHX,23.0,70,49,1914.0,434,895,0.485,,,,214,293,0.73,158.0,407.0,565.0,225,86.0,63.0,234.0,242,1082,Alvan Adams
76011,1978-79,00,1610612756,PHX,24.0,77,74,2364.0,569,1073,0.53,,,,231,289,0.799,220.0,485.0,705.0,360,110.0,63.0,279.0,246,1369,Alvan Adams
76011,1979-80,00,1610612756,PHX,25.0,75,64,2168.0,465,875,0.531,0.0,2.0,0.0,188,236,0.797,158.0,451.0,609.0,322,108.0,55.0,218.0,237,1118,Alvan Adams
76011,1980-81,00,1610612756,PHX,26.0,75,69,2054.0,458,870,0.526,0.0,0.0,0.0,199,259,0.768,157.0,389.0,546.0,344,106.0,69.0,226.0,226,1115,Alvan Adams
76011,1981-82,00,1610612756,PHX,27.0,79,75,2393.0,507,1027,0.494,0.0,1.0,0.0,182,233,0.781,138.0,448.0,586.0,356,114.0,78.0,196.0,269,1196,Alvan Adams
76011,1982-83,00,1610612756,PHX,28.0,80,75,2447.0,477,981,0.486,1.0,3.0,0.333,180,217,0.829,161.0,387.0,548.0,376,114.0,74.0,242.0,287,1135,Alvan Adams
76011,1983-84,00,1610612756,PHX,29.0,70,13,1452.0,269,582,0.462,0.0,4.0,0.0,132,160,0.825,118.0,201.0,319.0,219,73.0,31.0,117.0,195,670,Alvan Adams
76011,1984-85,00,1610612756,PHX,30.0,82,69,2136.0,476,915,0.52,0.0,0.0,0.0,250,283,0.883,153.0,347.0,500.0,308,115.0,48.0,197.0,254,1202,Alvan Adams
76011,1985-86,00,1610612756,PHX,31.0,78,45,2005.0,341,679,0.502,0.0,2.0,0.0,159,203,0.783,148.0,329.0,477.0,324,103.0,46.0,206.0,272,841,Alvan Adams
76011,1986-87,00,1610612756,PHX,32.0,68,40,1690.0,311,618,0.503,0.0,1.0,0.0,134,170,0.788,91.0,247.0,338.0,223,62.0,37.0,139.0,207,756,Alvan Adams
76011,1987-88,00,1610612756,PHX,33.0,82,25,1646.0,251,506,0.496,1.0,2.0,0.5,108,128,0.844,118.0,247.0,365.0,183,82.0,41.0,140.0,245,611,Alvan Adams
76012,1970-71,00,1610612745,SDR,23.0,82,,2374.0,391,957,0.409,,,,155,212,0.731,,,581.0,173,,,,344,937,Don Adams
76012,1971-72,00,1610612737,ATL,24.0,70,,2030.0,307,779,0.394,,,,204,273,0.747,,,494.0,137,,,,259,818,Don Adams
76012,1971-72,00,1610612745,HOU,24.0,3,,41.0,6,19,0.316,,,,1,2,0.5,,,8.0,3,,,,7,13,Don Adams
76012,1971-72,00,0,TOT,24.0,73,,2071.0,313,798,0.392,,,,205,275,0.745,,,502.0,140,,,,266,831,Don Adams
76012,1972-73,00,1610612737,ATL,25.0,4,,76.0,8,38,0.211,,,,7,8,0.875,,,22.0,5,,,,11,23,Don Adams
76012,1972-73,00,1610612765,DET,25.0,70,,1798.0,257,640,0.402,,,,138,176,0.784,,,419.0,112,,,,220,652,Don Adams
76012,1972-73,00,0,TOT,25.0,74,,1874.0,265,678,0.391,,,,145,184,0.788,,,441.0,117,,,,231,675,Don Adams
76012,1973-74,00,1610612765,DET,26.0,74,,2298.0,303,742,0.408,,,,153,201,0.761,133.0,315.0,448.0,141,110.0,12.0,,242,759,Don Adams
76012,1974-75,00,1610612765,DET,27.0,51,,1376.0,127,315,0.403,,,,45,78,0.577,63.0,181.0,244.0,75,69.0,20.0,,179,299,Don Adams
76012,1975-76,00,1610612746,BUF,28.0,56,,704.0,67,170,0.394,,,,40,57,0.702,38.0,107.0,145.0,73,30.0,7.0,,128,174,Don Adams
76012,1976-77,00,1610612746,BUF,29.0,77,,1710.0,216,526,0.411,,,,129,173,0.746,130.0,241.0,371.0,150,74.0,16.0,,201,561,Don Adams
200801,2006-07,00,1610612751,NJN,23.0,61,8,495.0,75,135,0.556,0.0,1.0,0.0,24,36,0.667,35.0,42.0,77.0,13,17.0,4.0,22.0,47,174,Hassan Adams
200801,2008-09,00,1610612761,TOR,25.0,12,0,52.0,4,13,0.308,0.0,0.0,0.0,3,6,0.5,1.0,6.0,7.0,1,1.0,1.0,4.0,4,11,Hassan Adams
1629121,2018-19,00,1610612737,ATL,23.0,34,1,428.0,38,110,0.345,25.0,74.0,0.338,7,9,0.778,11.0,49.0,60.0,65,14.0,5.0,28.0,45,108,Jaylen Adams
1629121,2020-21,00,1610612749,MIL,25.0,7,0,18.0,1,8,0.125,0.0,2.0,0.0,0,0,0.0,0.0,3.0,3.0,2,0.0,0.0,0.0,1,2,Jaylen Adams
203919,2014-15,00,1610612763,MEM,20.0,30,0,248.0,35,86,0.407,10.0,25.0,0.4,14,23,0.609,9.0,19.0,28.0,16,16.0,7.0,14.0,24,94,Jordan Adams
203919,2015-16,00,1610612763,MEM,21.0,2,0,15.0,2,6,0.333,0.0,1.0,0.0,3,5,0.6,0.0,2.0,2.0,3,3.0,0.0,2.0,2,7,Jordan Adams
149,1985-86,00,1610612758,SAC,23.0,18,0,139.0,16,44,0.364,0.0,3.0,0.0,8,12,0.667,2.0,4.0,6.0,22,9.0,1.0,11.0,9,40,Michael Adams
149,1986-87,00,1610612764,WAS,24.0,63,0,1303.0,160,393,0.407,28.0,102.0,0.275,105,124,0.847,38.0,85.0,123.0,244,85.0,6.0,81.0,88,453,Michael Adams
149,1987-88,00,1610612743,DEN,25.0,82,75,2778.0,416,927,0.449,139.0,379.0,0.367,166,199,0.834,40.0,183.0,223.0,503,168.0,16.0,144.0,138,1137,Michael Adams
149,1988-89,00,1610612743,DEN,26.0,77,77,2787.0,468,1082,0.433,166.0,466.0,0.356,322,393,0.819,71.0,212.0,283.0,490,166.0,11.0,180.0,149,1424,Michael Adams
149,1989-90,00,1610612743,DEN,27.0,79,74,2690.0,398,989,0.402,158.0,432.0,0.366,267,314,0.85,49.0,176.0,225.0,495,121.0,3.0,141.0,133,1221,Michael Adams
149,1990-91,00,1610612743,DEN,28.0,66,66,2346.0,560,1421,0.394,167.0,564.0,0.296,465,529,0.879,58.0,198.0,256.0,693,147.0,6.0,240.0,162,1752,Michael Adams
149,1991-92,00,1610612764,WAS,29.0,78,78,2795.0,485,1233,0.393,125.0,386.0,0.324,313,360,0.869,58.0,252.0,310.0,594,145.0,9.0,212.0,162,1408,Michael Adams
149,1992-93,00,1610612764,WAS,30.0,70,70,2499.0,365,831,0.439,68.0,212.0,0.321,237,277,0.856,52.0,188.0,240.0,526,100.0,4.0,175.0,146,1035,Michael Adams
149,1993-94,00,1610612764,WAS,31.0,70,67,2337.0,285,698,0.408,55.0,191.0,0.288,224,270,0.83,37.0,146.0,183.0,480,96.0,6.0,167.0,140,849,Michael Adams
149,1994-95,00,1610612766,CHH,32.0,29,0,443.0,67,148,0.453,29.0,81.0,0.358,25,30,0.833,6.0,23.0,29.0,95,23.0,1.0,26.0,41,188,Michael Adams
149,1995-96,00,1610612766,CHH,33.0,21,3,329.0,37,83,0.446,14.0,41.0,0.341,26,35,0.743,5.0,17.0,22.0,67,21.0,4.0,25.0,25,114,Michael Adams
203500,2013-14,00,1610612760,OKC,20.0,81,20,1197.0,93,185,0.503,0.0,0.0,0.0,79,136,0.581,142.0,190.0,332.0,43,40.0,57.0,71.0,203,265,Steven Adams
203500,2014-15,00,1610612760,OKC,21.0,70,67,1771.0,217,399,0.544,0.0,2.0,0.0,103,205,0.502,199.0,324.0,523.0,66,38.0,86.0,99.0,222,537,Steven Adams
203500,2015-16,00,1610612760,OKC,22.0,80,80,2014.0,261,426,0.613,0.0,0.0,0.0,114,196,0.582,219.0,314.0,533.0,62,42.0,89.0,84.0,223,636,Steven Adams
203500,2016-17,00,1610612760,OKC,23.0,80,80,2389.0,374,655,0.571,0.0,1.0,0.0,157,257,0.611,281.0,332.0,613.0,86,89.0,78.0,146.0,195,905,Steven Adams
203500,2017-18,00,1610612760,OKC,24.0,76,76,2487.0,448,712,0.629,0.0,2.0,0.0,160,286,0.559,384.0,301.0,685.0,88,92.0,78.0,128.0,215,1056,Steven Adams
203500,2018-19,00,1610612760,OKC,25.0,80,80,2669.0,481,809,0.595,0.0,2.0,0.0,146,292,0.5,391.0,369.0,760.0,124,117.0,76.0,135.0,204,1108,Steven Adams
203500,2019-20,00,1610612760,OKC,26.0,63,63,1681.0,283,478,0.592,1.0,3.0,0.333,117,201,0.582,207.0,376.0,583.0,146,51.0,67.0,94.0,122,684,Steven Adams
203500,2020-21,00,1610612740,NOP,27.0,58,58,1605.0,189,308,0.614,0.0,3.0,0.0,60,135,0.444,213.0,301.0,514.0,111,54.0,38.0,78.0,113,438,Steven Adams
203500,2021-22,00,1610612763,MEM,28.0,76,75,1999.0,210,384,0.547,0.0,1.0,0.0,108,199,0.543,349.0,411.0,760.0,256,65.0,60.0,115.0,153,528,Steven Adams
203500,2022-23,00,1610612763,MEM,29.0,42,42,1133.0,157,263,0.597,0.0,1.0,0.0,47,129,0.364,214.0,271.0,485.0,97,36.0,46.0,79.0,98,361,Steven Adams
203500,2024-25,00,1610612745,HOU,31.0,24,0,253.0,26,43,0.605,0.0,0.0,0.0,14,37,0.378,51.0,56.0,107.0,24,6.0,5.0,24.0,25,66,Steven Adams
912,1986-87,00,1610612756,PHX,22.0,62,12,711.0,146,331,0.441,16.0,50.0,0.32,51,64,0.797,41.0,65.0,106.0,45,27.0,7.0,54.0,75,359,Rafael Addison
912,1991-92,00,1610612751,NJN,27.0,76,8,1175.0,187,432,0.433,14.0,49.0,0.286,56,76,0.737,65.0,100.0,165.0,68,28.0,28.0,46.0,109,444,Rafael Addison
912,1992-93,00,1610612751,NJN,28.0,68,15,1164.0,182,411,0.443,7.0,34.0,0.206,57,70,0.814,45.0,87.0,132.0,53,23.0,11.0,64.0,125,428,Rafael Addison
912,1994-95,00,1610612765,DET,30.0,79,16,1776.0,279,586,0.476,24.0,83.0,0.289,74,99,0.747,67.0,175.0,242.0,109,53.0,25.0,76.0,236,656,Rafael Addison
912,1995-96,00,1610612766,CHH,31.0,53,0,516.0,77,165,0.467,0.0,9.0,0.0,17,22,0.773,25.0,65.0,90.0,30,9.0,9.0,27.0,74,171,Rafael Addison
912,1996-97,00,1610612766,CHH,32.0,41,3,353.0,49,122,0.402,8.0,20.0,0.4,22,28,0.786,19.0,26.0,45.0,34,8.0,3.0,17.0,52,128,Rafael Addison
1628389,2017-18,00,1610612748,MIA,20.0,69,19,1368.0,174,340,0.512,0.0,7.0,0.0,129,179,0.721,118.0,263.0,381.0,101,32.0,41.0,66.0,138,477,Bam Adebayo
1628389,2018-19,00,1610612748,MIA,21.0,82,28,1913.0,280,486,0.576,3.0,15.0,0.2,166,226,0.735,165.0,432.0,597.0,184,71.0,65.0,121.0,203,729,Bam Adebayo
1628389,2019-20,00,1610612748,MIA,22.0,72,72,2417.0,440,790,0.557,2.0,14.0,0.143,264,382,0.691,176.0,559.0,735.0,368,82.0,93.0,204.0,182,1146,Bam Adebayo
1628389,2020-21,00,1610612748,MIA,23.0,64,64,2143.0,456,800,0.57,2.0,8.0,0.25,283,354,0.799,142.0,431.0,573.0,346,75.0,66.0,169.0,145,1197,Bam Adebayo
1628389,2021-22,00,1610612748,MIA,24.0,56,56,1825.0,406,729,0.557,0.0,6.0,0.0,256,340,0.753,137.0,427.0,564.0,190,80.0,44.0,148.0,171,1068,Bam Adebayo
1628389,2022-23,00,1610612748,MIA,25.0,75,75,2598.0,602,1114,0.54,1.0,12.0,0.083,324,402,0.806,184.0,504.0,688.0,240,88.0,61.0,187.0,208,1529,Bam Adebayo
1628389,2023-24,00,1610612748,MIA,26.0,71,71,2416.0,530,1017,0.521,15.0,42.0,0.357,292,387,0.755,159.0,578.0,737.0,278,81.0,66.0,162.0,159,1367,Bam Adebayo
1628389,2024-25,00,1610612748,MIA,27.0,36,36,1232.0,223,489,0.456,26.0,92.0,0.283,111,155,0.716,85.0,266.0,351.0,164,56.0,31.0,76.0,73,583,Bam Adebayo
1629061,2018-19,00,1610612739,CLE,22.0,19,3,194.0,11,36,0.306,6.0,23.0,0.261,4,4,1.0,3.0,16.0,19.0,5,1.0,4.0,6.0,13,32,Deng Adel
76015,1968-69,00,1610612745,SDR,23.0,77,,1448.0,177,449,0.394,,,,131,204,0.642,,,216.0,238,,,,158,485,Rick Adelman
76015,1969-70,00,1610612745,SDR,24.0,35,,717.0,96,247,0.389,,,,68,91,0.747,,,81.0,113,,,,90,260,Rick Adelman
76015,1970-71,00,1610612757,POR,25.0,81,,2303.0,378,895,0.422,,,,267,369,0.724,,,282.0,380,,,,214,1023,Rick Adelman
76015,1971-72,00,1610612757,POR,26.0,80,,2445.0,329,753,0.437,,,,151,201,0.751,,,229.0,413,,,,209,809,Rick Adelman
76015,1972-73,00,1610612757,POR,27.0,76,,1822.0,214,525,0.408,,,,73,102,0.716,,,157.0,294,,,,155,501,Rick Adelman
76015,1973-74,00,1610612741,CHI,28.0,55,,618.0,64,170,0.376,,,,54,76,0.711,16.0,53.0,69.0,56,36.0,1.0,,63,182,Rick Adelman
76015,1974-75,00,1610612741,CHI,29.0,12,,340.0,43,104,0.413,,,,28,39,0.718,6.0,20.0,26.0,35,16.0,1.0,,31,114,Rick Adelman
76015,1974-75,00,1610612762,NOJ,29.0,28,,613.0,67,159,0.421,,,,41,59,0.695,13.0,42.0,55.0,69,47.0,6.0,,58,175,Rick Adelman
76015,1974-75,00,1610612758,KCK,29.0,18,,121.0,13,28,0.464,,,,4,5,0.8,6.0,8.0,14.0,8,7.0,1.0,,12,30,Rick Adelman
76015,1974-75,00,0,TOT,29.0,58,,1074.0,123,291,0.423,,,,73,103,0.709,25.0,70.0,95.0,112,70.0,8.0,,101,319,Rick Adelman
202399,2010-11,00,1610612744,GSW,25.0,23,0,196.0,23,54,0.426,0.0,0.0,0.0,11,19,0.579,23.0,35.0,58.0,10,4.0,5.0,9.0,28,57,Jeff Adrien
202399,2011-12,00,1610612745,HOU,26.0,8,0,63.0,7,16,0.438,0.0,0.0,0.0,7,12,0.583,5.0,17.0,22.0,1,0.0,2.0,2.0,13,21,Jeff Adrien
202399,2012-13,00,1610612766,CHA,27.0,52,5,713.0,72,168,0.429,0.0,2.0,0.0,65,100,0.65,68.0,128.0,196.0,36,18.0,27.0,32.0,80,209,Jeff Adrien
202399,2013-14,00,1610612766,CHA,28.0,25,0,256.0,22,40,0.55,0.0,0.0,0.0,13,25,0.52,33.0,55.0,88.0,7,7.0,15.0,8.0,35,57,Jeff Adrien
202399,2013-14,00,1610612749,MIL,28.0,28,12,705.0,121,235,0.515,0.0,0.0,0.0,63,94,0.67,69.0,149.0,218.0,31,17.0,21.0,31.0,73,305,Jeff Adrien
202399,2013-14,00,0,TOT,28.0,53,12,962.0,143,275,0.52,0.0,0.0,0.0,76,119,0.639,102.0,204.0,306.0,38,24.0,36.0,39.0,108,362,Jeff Adrien
202399,2014-15,00,1610612750,MIN,29.0,17,0,215.0,19,44,0.432,0.0,0.0,0.0,22,38,0.579,23.0,54.0,77.0,15,4.0,9.0,9.0,30,60,Jeff Adrien
201167,2007-08,00,1610612765,DET,22.0,75,9,970.0,99,241,0.411,10.0,48.0,0.208,68,87,0.782,36.0,101.0,137.0,52,31.0,8.0,34.0,83,276,Arron Afflalo
201167,2008-09,00,1610612765,DET,23.0,74,8,1234.0,131,300,0.437,43.0,107.0,0.402,58,71,0.817,30.0,104.0,134.0,44,28.0,13.0,43.0,144,363,Arron Afflalo
201167,2009-10,00,1610612743,DEN,24.0,82,75,2221.0,272,585,0.465,108.0,249.0,0.434,72,98,0.735,59.0,193.0,252.0,138,46.0,30.0,74.0,225,724,Arron Afflalo
201167,2010-11,00,1610612743,DEN,25.0,69,69,2324.0,312,627,0.498,105.0,248.0,0.423,138,163,0.847,45.0,206.0,251.0,168,34.0,31.0,71.0,153,867,Arron Afflalo
201167,2011-12,00,1610612743,DEN,26.0,62,62,2086.0,329,699,0.471,88.0,221.0,0.398,197,247,0.798,40.0,157.0,197.0,149,36.0,13.0,85.0,134,943,Arron Afflalo
201167,2012-13,00,1610612753,ORL,27.0,64,64,2307.0,397,905,0.439,72.0,240.0,0.3,191,223,0.857,29.0,210.0,239.0,206,40.0,11.0,138.0,137,1057,Arron Afflalo
201167,2013-14,00,1610612753,ORL,28.0,73,73,2552.0,464,1011,0.459,128.0,300.0,0.427,274,336,0.815,32.0,230.0,262.0,248,35.0,3.0,146.0,136,1330,Arron Afflalo
201167,2014-15,00,1610612743,DEN,29.0,53,53,1750.0,281,657,0.428,82.0,243.0,0.337,127,151,0.841,21.0,159.0,180.0,101,32.0,5.0,83.0,108,771,Arron Afflalo
201167,2014-15,00,1610612757,POR,29.0,25,19,752.0,94,227,0.414,36.0,90.0,0.4,40,47,0.851,6.0,61.0,67.0,28,9.0,2.0,33.0,59,264,Arron Afflalo
201167,2014-15,00,0,TOT,29.0,78,72,2502.0,375,884,0.424,118.0,333.0,0.354,167,198,0.843,27.0,220.0,247.0,129,41.0,7.0,116.0,167,1035,Arron Afflalo
201167,2015-16,00,1610612752,NYK,30.0,71,57,2371.0,354,799,0.443,91.0,238.0,0.382,110,131,0.84,23.0,243.0,266.0,144,25.0,10.0,82.0,142,909,Arron Afflalo
201167,2016-17,00,1610612758,SAC,31.0,61,45,1580.0,185,420,0.44,62.0,151.0,0.411,83,93,0.892,9.0,116.0,125.0,78,21.0,6.0,42.0,104,515,Arron Afflalo
201167,2017-18,00,1610612753,ORL,32.0,53,3,682.0,65,162,0.401,27.0,70.0,0.386,22,26,0.846,4.0,62.0,66.0,30,4.0,9.0,21.0,56,179,Arron Afflalo
1630534,2022-23,00,1610612762,UTA,23.0,59,22,1209.0,165,386,0.427,81.0,228.0,0.355,56,69,0.812,43.0,78.0,121.0,67,16.0,15.0,41.0,99,467,Ochai Agbaji
1630534,2023-24,00,1610612762,UTA,24.0,51,10,1003.0,106,249,0.426,47.0,142.0,0.331,15,20,0.75,35.0,91.0,126.0,47,27.0,29.0,34.0,66,274,Ochai Agbaji
1630534,2023-24,00,1610612761,TOR,24.0,27,18,638.0,72,184,0.391,15.0,69.0,0.217,22,36,0.611,39.0,51.0,90.0,36,20.0,15.0,30.0,51,181,Ochai Agbaji
1630534,2023-24,00,0,TOT,24.0,78,28,1642.0,178,433,0.411,62.0,211.0,0.294,37,56,0.661,74.0,142.0,216.0,83,47.0,44.0,64.0,117,455,Ochai Agbaji
1630534,2024-25,00,1610612761,TOR,24.0,37,33,1090.0,160,316,0.506,59.0,146.0,0.404,19,28,0.679,34.0,106.0,140.0,66,31.0,19.0,30.0,82,398,Ochai Agbaji
200772,2006-07,00,1610612742,DAL,23.0,32,1,214.0,22,70,0.314,5.0,15.0,0.333,20,33,0.606,1.0,20.0,21.0,7,4.0,3.0,15.0,27,69,Maurice Ager
200772,2007-08,00,1610612742,DAL,24.0,12,3,77.0,5,27,0.185,0.0,8.0,0.0,5,6,0.833,1.0,3.0,4.0,4,0.0,1.0,3.0,11,15,Maurice Ager
200772,2007-08,00,1610612751,NJN,24.0,14,0,88.0,16,38,0.421,3.0,11.0,0.273,1,6,0.167,3.0,6.0,9.0,4,0.0,0.0,3.0,6,36,Maurice Ager
200772,2007-08,00,0,TOT,24.0,26,3,165.0,21,65,0.323,3.0,19.0,0.158,6,12,0.5,4.0,9.0,13.0,8,0.0,1.0,6.0,17,51,Maurice Ager
200772,2008-09,00,1610612751,NJN,25.0,20,0,97.0,15,43,0.349,0.0,6.0,0.0,4,8,0.5,3.0,7.0,10.0,3,1.0,2.0,4.0,17,34,Maurice Ager
200772,2010-11,00,1610612750,MIN,27.0,4,0,29.0,6,11,0.545,3.0,4.0,0.75,0,0,0.0,0.0,2.0,2.0,1,1.0,0.0,4.0,4,15,Maurice Ager
76016,1981-82,00,1610612742,DAL,22.0,51,20,1468.0,381,820,0.465,25.0,71.0,0.352,168,247,0.68,89.0,160.0,249.0,164,37.0,22.0,135.0,152,955,Mark Aguirre
76016,1982-83,00,1610612742,DAL,23.0,81,75,2784.0,767,1589,0.483,16.0,76.0,0.211,429,589,0.728,191.0,317.0,508.0,332,80.0,26.0,261.0,247,1979,Mark Aguirre
76016,1983-84,00,1610612742,DAL,24.0,79,79,2900.0,925,1765,0.524,15.0,56.0,0.268,465,621,0.749,161.0,308.0,469.0,358,80.0,22.0,285.0,246,2330,Mark Aguirre
76016,1984-85,00,1610612742,DAL,25.0,80,79,2699.0,794,1569,0.506,27.0,85.0,0.318,440,580,0.759,188.0,289.0,477.0,249,60.0,24.0,253.0,250,2055,Mark Aguirre
76016,1985-86,00,1610612742,DAL,26.0,74,73,2501.0,668,1327,0.503,16.0,56.0,0.286,318,451,0.705,177.0,268.0,445.0,339,62.0,14.0,252.0,229,1670,Mark Aguirre
76016,1986-87,00,1610612742,DAL,27.0,80,80,2663.0,787,1590,0.495,53.0,150.0,0.353,429,557,0.77,181.0,246.0,427.0,254,84.0,30.0,217.0,243,2056,Mark Aguirre
76016,1987-88,00,1610612742,DAL,28.0,77,77,2610.0,746,1571,0.475,52.0,172.0,0.302,388,504,0.77,182.0,252.0,434.0,278,70.0,57.0,203.0,223,1932,Mark Aguirre
76016,1988-89,00,1610612742,DAL,29.0,44,44,1529.0,373,829,0.45,29.0,99.0,0.293,178,244,0.73,90.0,145.0,235.0,189,29.0,29.0,140.0,128,953,Mark Aguirre
76016,1988-89,00,1610612765,DET,29.0,36,32,1068.0,213,441,0.483,22.0,75.0,0.293,110,149,0.738,56.0,95.0,151.0,89,16.0,7.0,68.0,101,558,Mark Aguirre
76016,1988-89,00,0,TOT,29.0,80,76,2597.0,586,1270,0.461,51.0,174.0,0.293,288,393,0.733,146.0,240.0,386.0,278,45.0,36.0,208.0,229,1511,Mark Aguirre
76016,1989-90,00,1610612765,DET,30.0,78,40,2005.0,438,898,0.488,31.0,93.0,0.333,192,254,0.756,117.0,188.0,305.0,145,34.0,19.0,121.0,201,1099,Mark Aguirre
76016,1990-91,00,1610612765,DET,31.0,78,13,2006.0,420,909,0.462,24.0,78.0,0.308,240,317,0.757,134.0,240.0,374.0,139,47.0,20.0,128.0,209,1104,Mark Aguirre
76016,1991-92,00,1610612765,DET,32.0,75,12,1582.0,339,787,0.431,15.0,71.0,0.211,158,230,0.687,67.0,169.0,236.0,126,51.0,11.0,105.0,171,851,Mark Aguirre
76016,1992-93,00,1610612765,DET,33.0,51,15,1056.0,187,422,0.443,30.0,83.0,0.361,99,129,0.767,43.0,109.0,152.0,105,16.0,7.0,68.0,101,503,Mark Aguirre
76016,1993-94,00,1610612746,LAC,34.0,39,0,859.0,163,348,0.468,37.0,93.0,0.398,50,72,0.694,28.0,88.0,116.0,104,21.0,8.0,70.0,98,413,Mark Aguirre
201336,2007-08,00,1610612748,MIA,24.0,12,0,177.0,15,57,0.263,10.0,34.0,0.294,30,31,0.968,1.0,18.0,19.0,19,6.0,0.0,16.0,20,70,Blake Ahearn
201336,2008-09,00,1610612759,SAS,25.0,3,0,19.0,2,6,0.333,2.0,4.0,0.5,2,2,1.0,0.0,1.0,1.0,2,1.0,0.0,1.0,3,8,Blake Ahearn
201336,2011-12,00,1610612762,UTA,28.0,4,0,30.0,4,14,0.286,2.0,9.0,0.222,0,0,0.0,0.0,2.0,2.0,1,0.0,0.0,5.0,4,10,Blake Ahearn
76017,1981-82,00,1610612738,BOS,23.0,53,1,564.0,79,221,0.357,5.0,17.0,0.294,56,65,0.862,25.0,31.0,56.0,87,37.0,3.0,53.0,86,219,Danny Ainge
76017,1982-83,00,1610612738,BOS,24.0,80,76,2048.0,357,720,0.496,5.0,29.0,0.172,72,97,0.742,83.0,131.0,214.0,251,109.0,6.0,98.0,259,791,Danny Ainge
76017,1983-84,00,1610612738,BOS,25.0,71,3,1154.0,166,361,0.46,6.0,22.0,0.273,46,56,0.821,29.0,87.0,116.0,162,41.0,4.0,70.0,143,384,Danny Ainge
76017,1984-85,00,1610612738,BOS,26.0,75,73,2564.0,419,792,0.529,15.0,56.0,0.268,118,136,0.868,76.0,192.0,268.0,399,122.0,6.0,149.0,228,971,Danny Ainge
76017,1985-86,00,1610612738,BOS,27.0,80,78,2407.0,353,701,0.504,26.0,73.0,0.356,123,136,0.904,47.0,188.0,235.0,405,94.0,7.0,129.0,204,855,Danny Ainge
76017,1986-87,00,1610612738,BOS,28.0,71,66,2499.0,410,844,0.486,85.0,192.0,0.443,148,165,0.897,49.0,193.0,242.0,400,101.0,14.0,141.0,189,1053,Danny Ainge
76017,1987-88,00,1610612738,BOS,29.0,81,81,3018.0,482,982,0.491,148.0,357.0,0.415,158,180,0.878,59.0,190.0,249.0,503,115.0,17.0,153.0,203,1270,Danny Ainge
76017,1988-89,00,1610612738,BOS,30.0,45,28,1349.0,271,589,0.46,58.0,155.0,0.374,114,128,0.891,37.0,117.0,154.0,215,52.0,1.0,82.0,108,714,Danny Ainge
76017,1988-89,00,1610612758,SAC,30.0,28,26,1028.0,209,462,0.452,58.0,150.0,0.387,91,112,0.813,34.0,67.0,101.0,187,41.0,7.0,63.0,78,567,Danny Ainge
76017,1988-89,00,0,TOT,30.0,73,54,2377.0,480,1051,0.457,116.0,305.0,0.38,205,240,0.854,71.0,184.0,255.0,402,93.0,8.0,145.0,186,1281,Danny Ainge
76017,1989-90,00,1610612758,SAC,31.0,75,68,2727.0,506,1154,0.438,108.0,289.0,0.374,222,267,0.831,69.0,257.0,326.0,453,113.0,18.0,185.0,238,1342,Danny Ainge
76017,1990-91,00,1610612757,POR,32.0,80,0,1710.0,337,714,0.472,102.0,251.0,0.406,114,138,0.826,45.0,160.0,205.0,285,63.0,13.0,100.0,195,890,Danny Ainge
76017,1991-92,00,1610612757,POR,33.0,81,6,1595.0,299,676,0.442,78.0,230.0,0.339,108,131,0.824,40.0,108.0,148.0,202,73.0,13.0,70.0,148,784,Danny Ainge
76017,1992-93,00,1610612756,PHX,34.0,80,0,2163.0,337,730,0.462,150.0,372.0,0.403,123,145,0.848,49.0,165.0,214.0,260,69.0,8.0,113.0,175,947,Danny Ainge
76017,1993-94,00,1610612756,PHX,35.0,68,1,1555.0,224,537,0.417,80.0,244.0,0.328,78,94,0.83,28.0,103.0,131.0,180,57.0,8.0,81.0,140,606,Danny Ainge
76017,1994-95,00,1610612756,PHX,36.0,74,1,1374.0,194,422,0.46,78.0,214.0,0.364,105,130,0.808,25.0,84.0,109.0,210,46.0,7.0,79.0,155,571,Danny Ainge
201582,2008-09,00,1610612766,CHA,21.0,31,4,182.0,25,69,0.362,0.0,2.0,0.0,20,28,0.714,9.0,21.0,30.0,3,7.0,6.0,12.0,34,70,Alexis Ajinca
201582,2009-10,00,1610612766,CHA,22.0,6,0,30.0,5,10,0.5,0.0,0.0,0.0,0,1,0.0,1.0,3.0,4.0,0,1.0,1.0,2.0,5,10,Alexis Ajinca
201582,2010-11,00,1610612742,DAL,23.0,10,2,75.0,12,32,0.375,3.0,7.0,0.429,2,3,0.667,5.0,12.0,17.0,2,3.0,5.0,1.0,13,29,Alexis Ajinca
201582,2010-11,00,1610612761,TOR,23.0,24,0,265.0,47,101,0.465,9.0,27.0,0.333,11,15,0.733,12.0,49.0,61.0,8,8.0,14.0,17.0,60,114,Alexis Ajinca
201582,2010-11,00,0,TOT,23.0,34,2,340.0,59,133,0.444,12.0,34.0,0.353,13,18,0.722,17.0,61.0,78.0,10,11.0,19.0,18.0,73,143,Alexis Ajinca
201582,2013-14,00,1610612740,NOP,26.0,56,30,951.0,136,249,0.546,0.0,1.0,0.0,56,67,0.836,94.0,183.0,277.0,40,23.0,46.0,63.0,187,328,Alexis Ajinca
201582,2014-15,00,1610612740,NOP,27.0,68,8,957.0,181,329,0.55,0.0,0.0,0.0,81,99,0.818,104.0,211.0,315.0,47,21.0,51.0,69.0,151,443,Alexis Ajinca
201582,2015-16,00,1610612740,NOP,28.0,59,17,861.0,150,315,0.476,0.0,1.0,0.0,52,62,0.839,75.0,194.0,269.0,31,19.0,36.0,54.0,134,352,Alexis Ajinca
201582,2016-17,00,1610612740,NOP,29.0,39,15,584.0,89,178,0.5,0.0,4.0,0.0,29,40,0.725,46.0,131.0,177.0,12,20.0,22.0,31.0,77,207,Alexis Ajinca
76018,1966-67,00,1610612752,NYK,22.0,50,,453.0,83,230,0.361,,,,26,37,0.703,,,120.0,25,,,,82,192,Henry Akin
76018,1967-68,00,1610612760,SEA,23.0,36,,259.0,46,137,0.336,,,,20,31,0.645,,,57.0,14,,,,48,112,Henry Akin
203006,2012-13,00,1610612742,DAL,27.0,3,0,9.0,2,4,0.5,1.0,2.0,0.5,0,0,0.0,0.0,1.0,1.0,1,0.0,0.0,0.0,3,5,Josh Akognon
1629152,2018-19,00,1610612743,DEN,26.0,7,0,22.0,3,10,0.3,0.0,4.0,0.0,1,2,0.5,1.0,3.0,4.0,6,2.0,0.0,2.0,4,7,DeVaughn Akoon-Purcell
202374,2010-11,00,1610612761,TOR,23.0,12,0,59.0,3,15,0.2,0.0,0.0,0.0,0,2,0.0,7.0,7.0,14.0,2,2.0,2.0,3.0,5,6,Solomon Alabi
202374,2011-12,00,1610612761,TOR,24.0,14,0,122.0,13,36,0.361,0.0,0.0,0.0,7,8,0.875,15.0,32.0,47.0,3,2.0,9.0,5.0,11,33,Solomon Alabi
76019,1986-87,00,1610612743,DEN,23.0,64,25,1110.0,217,443,0.49,2.0,9.0,0.222,67,101,0.663,73.0,141.0,214.0,74,22.0,28.0,56.0,138,503,Mark Alarie
76019,1987-88,00,1610612764,WAS,24.0,63,0,769.0,144,300,0.48,4.0,18.0,0.222,35,49,0.714,70.0,90.0,160.0,39,10.0,12.0,50.0,107,327,Mark Alarie
76019,1988-89,00,1610612764,WAS,25.0,74,5,1141.0,206,431,0.478,13.0,38.0,0.342,73,87,0.839,103.0,152.0,255.0,63,25.0,22.0,62.0,160,498,Mark Alarie
76019,1989-90,00,1610612764,WAS,26.0,82,10,1893.0,371,785,0.473,10.0,49.0,0.204,108,133,0.812,151.0,223.0,374.0,142,60.0,39.0,101.0,219,860,Mark Alarie
76019,1990-91,00,1610612764,WAS,27.0,42,1,587.0,99,225,0.44,5.0,21.0,0.238,41,48,0.854,41.0,76.0,117.0,45,15.0,8.0,40.0,88,244,Mark Alarie
76020,1959-60,00,1610612765,DET,23.0,58,,670.0,91,312,0.292,,,,48,84,0.571,,,279.0,22,,,,123,230,Gary Alcorn
76020,1960-61,00,1610612747,LAL,24.0,20,,174.0,12,40,0.3,,,,7,8,0.875,,,50.0,2,,,,47,31,Gary Alcorn
1630583,2021-22,00,1610612763,MEM,21.0,32,0,360.0,53,132,0.402,6.0,48.0,0.125,20,32,0.625,33.0,54.0,87.0,21,6.0,10.0,16.0,36,132,Santi Aldama
1630583,2022-23,00,1610612763,MEM,22.0,77,20,1682.0,247,525,0.47,94.0,266.0,0.353,108,144,0.75,85.0,286.0,371.0,97,45.0,48.0,60.0,143,696,Santi Aldama
1630583,2023-24,00,1610612763,MEM,23.0,61,35,1618.0,247,568,0.435,106.0,304.0,0.349,54,87,0.621,72.0,280.0,352.0,138,43.0,54.0,69.0,89,654,Santi Aldama
1630583,2024-25,00,1610612763,MEM,24.0,32,11,820.0,162,323,0.502,56.0,145.0,0.386,35,48,0.729,51.0,184.0,235.0,92,29.0,17.0,40.0,33,415,Santi Aldama
203128,2014-15,00,1610612755,PHI,23.0,41,9,540.0,40,78,0.513,0.0,5.0,0.0,13,27,0.481,78.0,98.0,176.0,28,17.0,16.0,17.0,96,93,Furkan Aldemir
202332,2010-11,00,1610612760,OKC,22.0,18,0,142.0,8,15,0.533,0.0,0.0,0.0,2,4,0.5,13.0,22.0,35.0,4,5.0,7.0,8.0,30,18,Cole Aldrich
202332,2011-12,00,1610612760,OKC,23.0,26,0,173.0,22,42,0.524,0.0,0.0,0.0,13,14,0.929,13.0,35.0,48.0,3,8.0,16.0,9.0,22,57,Cole Aldrich
202332,2012-13,00,1610612745,HOU,24.0,30,0,213.0,23,43,0.535,0.0,0.0,0.0,4,9,0.444,12.0,45.0,57.0,6,3.0,9.0,14.0,41,50,Cole Aldrich
202332,2012-13,00,1610612758,SAC,24.0,15,0,175.0,21,37,0.568,0.0,0.0,0.0,8,11,0.727,18.0,45.0,63.0,3,2.0,14.0,9.0,19,50,Cole Aldrich
202332,2012-13,00,0,TOT,24.0,45,0,388.0,44,80,0.55,0.0,0.0,0.0,12,20,0.6,30.0,90.0,120.0,9,5.0,23.0,23.0,60,100,Cole Aldrich
202332,2013-14,00,1610612752,NYK,25.0,46,2,330.0,33,61,0.541,0.0,0.0,0.0,26,30,0.867,37.0,92.0,129.0,14,8.0,30.0,18.0,40,92,Cole Aldrich
202332,2014-15,00,1610612752,NYK,26.0,61,16,976.0,144,301,0.478,0.0,0.0,0.0,50,64,0.781,101.0,237.0,338.0,75,37.0,65.0,59.0,122,338,Cole Aldrich
202332,2015-16,00,1610612746,LAC,27.0,60,5,800.0,134,225,0.596,0.0,0.0,0.0,60,84,0.714,86.0,202.0,288.0,50,47.0,68.0,64.0,139,328,Cole Aldrich
202332,2016-17,00,1610612750,MIN,28.0,62,0,531.0,45,86,0.523,0.0,0.0,0.0,15,22,0.682,51.0,107.0,158.0,25,25.0,23.0,17.0,85,105,Cole Aldrich
202332,2017-18,00,1610612750,MIN,29.0,21,0,49.0,5,15,0.333,0.0,0.0,0.0,2,6,0.333,3.0,12.0,15.0,3,2.0,1.0,1.0,11,12,Cole Aldrich
200746,2006-07,00,1610612757,POR,21.0,63,22,1392.0,241,479,0.503,0.0,2.0,0.0,83,115,0.722,144.0,168.0,312.0,24,22.0,73.0,43.0,186,565,LaMarcus Aldridge
200746,2007-08,00,1610612757,POR,22.0,76,76,2649.0,561,1160,0.484,1.0,7.0,0.143,227,298,0.762,220.0,358.0,578.0,122,55.0,94.0,126.0,240,1350,LaMarcus Aldridge
200746,2008-09,00,1610612757,POR,23.0,81,81,3004.0,601,1243,0.484,7.0,28.0,0.25,261,334,0.781,234.0,371.0,605.0,157,77.0,77.0,121.0,207,1470,LaMarcus Aldridge
200746,2009-10,00,1610612757,POR,24.0,78,78,2922.0,579,1169,0.495,5.0,16.0,0.313,230,304,0.757,192.0,435.0,627.0,160,67.0,48.0,104.0,231,1393,LaMarcus Aldridge
200746,2010-11,00,1610612757,POR,25.0,81,81,3211.0,707,1415,0.5,4.0,23.0,0.174,351,444,0.791,278.0,431.0,709.0,170,82.0,94.0,153.0,220,1769,LaMarcus Aldridge
200746,2011-12,00,1610612757,POR,26.0,55,55,1994.0,483,943,0.512,2.0,11.0,0.182,223,274,0.814,150.0,292.0,442.0,134,51.0,45.0,111.0,153,1191,LaMarcus Aldridge
200746,2012-13,00,1610612757,POR,27.0,74,74,2790.0,638,1318,0.484,2.0,14.0,0.143,282,348,0.81,175.0,495.0,670.0,192,62.0,91.0,143.0,187,1560,LaMarcus Aldridge
200746,2013-14,00,1610612757,POR,28.0,69,69,2499.0,652,1423,0.458,3.0,15.0,0.2,296,360,0.822,166.0,599.0,765.0,178,63.0,68.0,123.0,147,1603,LaMarcus Aldridge
200746,2014-15,00,1610612757,POR,29.0,71,71,2512.0,659,1415,0.466,37.0,105.0,0.352,306,362,0.845,177.0,549.0,726.0,124,48.0,68.0,122.0,125,1661,LaMarcus Aldridge
200746,2015-16,00,1610612759,SAS,30.0,74,74,2261.0,536,1045,0.513,0.0,16.0,0.0,259,302,0.858,176.0,456.0,632.0,110,38.0,81.0,99.0,151,1331,LaMarcus Aldridge
200746,2016-17,00,1610612759,SAS,31.0,72,72,2335.0,500,1049,0.477,23.0,56.0,0.411,220,271,0.812,172.0,351.0,523.0,139,46.0,88.0,98.0,158,1243,LaMarcus Aldridge
200746,2017-18,00,1610612759,SAS,32.0,75,75,2509.0,687,1347,0.51,27.0,92.0,0.293,334,399,0.837,246.0,389.0,635.0,152,43.0,90.0,111.0,161,1735,LaMarcus Aldridge
200746,2018-19,00,1610612759,SAS,33.0,81,81,2687.0,684,1319,0.519,10.0,42.0,0.238,349,412,0.847,251.0,493.0,744.0,194,43.0,107.0,144.0,179,1727,LaMarcus Aldridge
200746,2019-20,00,1610612759,SAS,34.0,53,53,1754.0,391,793,0.493,61.0,157.0,0.389,158,191,0.827,103.0,289.0,392.0,129,36.0,87.0,74.0,128,1001,LaMarcus Aldridge
200746,2020-21,00,1610612759,SAS,35.0,21,18,544.0,115,248,0.464,27.0,75.0,0.36,31,37,0.838,17.0,77.0,94.0,36,8.0,18.0,20.0,36,288,LaMarcus Aldridge
200746,2020-21,00,1610612751,BKN,35.0,5,5,130.0,25,48,0.521,4.0,5.0,0.8,10,10,1.0,2.0,22.0,24.0,13,3.0,11.0,7.0,11,64,LaMarcus Aldridge
200746,2020-21,00,0,TOT,35.0,26,23,674.0,140,296,0.473,31.0,80.0,0.388,41,47,0.872,19.0,99.0,118.0,49,11.0,29.0,27.0,47,352,LaMarcus Aldridge
200746,2021-22,00,1610612751,BKN,36.0,47,12,1050.0,252,458,0.55,14.0,46.0,0.304,89,102,0.873,73.0,185.0,258.0,42,14.0,47.0,44.0,78,607,LaMarcus Aldridge
76021,1984-85,00,1610612744,GOS,26.0,74,4,1114.0,161,337,0.478,0.0,1.0,0.0,55,75,0.733,87.0,183.0,270.0,36,15.0,15.0,72.0,171,377,Chuck Aleksinas
1626146,2015-16,00,1610612757,POR,20.0,8,0,36.0,5,10,0.5,0.0,0.0,0.0,0,0,0.0,2.0,4.0,6.0,0,1.0,2.0,1.0,1,10,Cliff Alexander
724,1995-96,00,1610612759,SAN,23.0,60,0,560.0,63,155,0.406,26.0,66.0,0.394,16,25,0.64,9.0,33.0,42.0,121,27.0,2.0,68.0,94,168,Cory Alexander
724,1996-97,00,1610612759,SAS,24.0,80,6,1451.0,194,490,0.396,94.0,252.0,0.373,95,129,0.736,29.0,94.0,123.0,254,82.0,16.0,146.0,148,577,Cory Alexander
724,1997-98,00,1610612759,SAS,25.0,37,3,501.0,60,145,0.414,20.0,64.0,0.313,25,37,0.676,7.0,40.0,47.0,71,25.0,5.0,47.0,53,165,Cory Alexander
724,1997-98,00,1610612743,DEN,25.0,23,19,797.0,111,255,0.435,46.0,112.0,0.411,55,65,0.846,10.0,89.0,99.0,138,45.0,6.0,65.0,45,323,Cory Alexander
724,1997-98,00,0,TOT,25.0,60,22,1298.0,171,400,0.428,66.0,176.0,0.375,80,102,0.784,17.0,129.0,146.0,209,70.0,11.0,112.0,98,488,Cory Alexander
724,1998-99,00,1610612743,DEN,26.0,36,4,778.0,97,260,0.373,30.0,105.0,0.286,37,44,0.841,7.0,67.0,74.0,119,35.0,5.0,69.0,77,261,Cory Alexander
724,1999-00,00,1610612743,DEN,27.0,29,2,329.0,28,98,0.286,9.0,35.0,0.257,17,22,0.773,8.0,34.0,42.0,58,24.0,2.0,28.0,39,82,Cory Alexander
724,2000-01,00,1610612753,ORL,28.0,26,0,223.0,18,56,0.321,4.0,16.0,0.25,12,18,0.667,0.0,25.0,25.0,36,16.0,0.0,25.0,29,52,Cory Alexander
724,2004-05,00,1610612766,CHA,32.0,16,1,201.0,16,49,0.327,8.0,19.0,0.421,9,12,0.75,8.0,21.0,29.0,37,9.0,1.0,19.0,29,49,Cory Alexander
2042,2000-01,00,1610612742,DAL,24.0,38,6,472.0,62,178,0.348,3.0,10.0,0.3,33,45,0.733,20.0,43.0,63.0,21,16.0,3.0,21.0,76,160,Courtney Alexander
2042,2000-01,00,1610612764,WAS,24.0,27,18,910.0,177,395,0.448,14.0,36.0,0.389,90,105,0.857,22.0,58.0,80.0,41,29.0,2.0,54.0,63,458,Courtney Alexander
2042,2000-01,00,0,TOT,24.0,65,24,472.0,239,573,0.417,17.0,46.0,0.37,123,150,0.82,42.0,101.0,143.0,62,45.0,5.0,75.0,139,618,Courtney Alexander
2042,2001-02,00,1610612764,WAS,25.0,56,28,1325.0,223,474,0.47,5.0,18.0,0.278,98,121,0.81,43.0,105.0,148.0,86,35.0,7.0,60.0,113,549,Courtney Alexander
2042,2002-03,00,1610612740,NOH,26.0,66,7,1360.0,193,505,0.382,19.0,57.0,0.333,118,146,0.808,39.0,79.0,118.0,79,31.0,6.0,68.0,125,523,Courtney Alexander
